Country;Code;Indicator Name;2002;2003;2004;2005;2006;2007;2008;2009;2010;2011;2012;2013;2014;2015;2016;2017;2018;2019;2020;2021;2022
Aruba;ABW;Personal remittances, received (% of GDP);0.0677734430617652;0.0133917834575945;0.0646656328424114;0.0347389864417031;0.0419537318079731;0.194033855360905;0.237767080224185;0.354385742317814;0.202643980255645;0.201195823259423;0.18584886898146;2.13159624830763;2.10072203608661;1.8103874257509;1.76577672964187;1.81541707617355;1.12692972735512;1.00901200143852;1.36714815873476;1.1551244137603;1.07990547437883
Africa Eastern and Southern;AFE;Personal remittances, received (% of GDP);1.0478745094976;0.924986220332869;0.954157739093925;0.67825357313623;0.689789031422449;0.717330953022265;0.79674976422762;0.907781181486192;0.91136580687424;0.97698716659071;0.98196724607875;0.963337380521934;1.05747348946685;1.18051025720763;1.02948594962336;0.982369218667297;1.34799308885953;1.43674740882255;1.48872172722166;1.56032886260586;1.54192137974826
Afghanistan;AFG;Personal remittances, received (% of GDP);;;;0;0;0;0.885723669262489;1.13316234334486;2.38515837739971;1.0059846774304;1.10218742803664;1.72321109974161;1.23611373350697;1.8219958039439;3.46484306494719;4.38709328041628;4.45098620665491;4.40742761242297;3.95329685147709;2.2430169473102;
Africa Western and Central;AFW;Personal remittances, received (% of GDP);1.35697818942748;1.34937818338524;1.70219720082271;5.53999536209871;5.02854192114919;4.66222517549648;4.15930999573494;4.43479979754333;4.0876160705843;4.18023487462603;3.87101868025359;3.45710607288294;3.33118647231654;4.12885739184907;4.16962559463803;4.69265486322642;4.57765798460134;4.30742796812813;3.76134380516097;3.92779714709682;4.07740323956709
Angola;AGO;Personal remittances, received (% of GDP);;;;0;0;0;0.0927097783858585;0.000230927285032262;0.0214464795465561;0.000183157314750667;0.0315095161445713;0.0276844930404465;0.0227784420752355;0.0122819350457102;0.00755861664156952;0.0019245390908786;0.00198770732531416;0.00485976371642572;0.0166036941702364;0.018992744351928;0.0131158719544219
Albania;ALB;Personal remittances, received (% of GDP);16.8711703482753;15.8379965268343;16.1548067697706;16.017038537764;15.2816531330425;13.7489494815148;14.4828076608173;14.261613230389;13.302456889895;12.0402402681923;11.5242826560794;10.0330744349155;10.7423012378312;11.3364376907448;11.010767760015;10.0756529807473;9.62106928646839;9.56258192659504;9.66835659483992;9.58338963069504;9.22610584526998
Andorra;AND;Personal remittances, received (% of GDP);;;;0;0;0;0;0;0;0;0;0;0;0;0;0;0;0.668747865825533;1.64013432676391;1.59395871763535;0
Arab World;ARB;Personal remittances, received (% of GDP);;;;2.01848679738432;1.85167842016939;2.00905472728542;1.82446020100765;1.90202818463842;1.92196239963979;1.86739914163039;2.01740031020749;1.99783857278174;2.20034423877494;2.32641529498438;2.30863446985853;2.56064473249114;2.49858804491147;2.55837419608714;2.96463742642845;2.92648843742404;2.12456575902682
United Arab Emirates;ARE;Personal remittances, received (% of GDP);;;;;;;;;;;;;;;;;;;;;
Argentina;ARG;Personal remittances, received (% of GDP);0.211442420500352;0.214300874545602;0.189350126740114;0.217417890692876;0.232474118424109;0.210933764847302;0.195029381449765;0.188764794272549;0.152091367663287;0.131541807279184;0.105778682207302;0.0969166746867399;0.0960152008279335;0.0831331023452092;0.0702343224152265;0.0745674778829443;0.0995468179872308;0.125380809015097;0.168011924038753;0.184693263456376;0.200821110481768
Armenia;ARM;Personal remittances, received (% of GDP);11.1049155369612;11.9648272324739;22.0185694314846;18.6763974290118;18.3128176140903;17.86140864212;16.3270491787546;16.6491640509821;18.0268391620614;17.7342226487981;18.033017871768;19.7113773941979;17.9044398383764;14.1327414277054;13.1074628255063;13.3477446383999;11.9427034082853;11.2189210772298;10.4970552541265;11.2171827452107;10.4277401844438
American Samoa;ASM;Personal remittances, received (% of GDP);;;;;;;;;;;;;;;;;;;;;
Antigua and Barbuda;ATG;Personal remittances, received (% of GDP);1.74883233355922;1.91175943985781;1.91378263338259;2.83667363756156;2.52250204176461;2.31209032339047;2.16917608574119;2.26464921376174;2.51799528192411;2.28640331097389;2.24889922298992;2.26094674111073;2.3098735973868;2.17313799571199;1.79269708250636;1.56875650968277;1.97217459978748;2.13726157184141;2.56737922253824;2.82670117603838;1.86380214239192
Australia;AUS;Personal remittances, received (% of GDP);0.117669488459505;0.139302481493353;0.134176476084307;0.135175703019256;0.135598299847293;0.156940340446703;0.144494573497942;0.143701914622302;0.16228467793329;0.175111550173319;0.157699430337919;0.156034658302895;0.158631372826848;0.160874488811472;0.170327698187483;0.150874629025416;0.130648846911345;0.126384300157289;0.0899955294488561;0.0600643224941023;0.0772040123455036
Austria;AUT;Personal remittances, received (% of GDP);0.926015564079401;0.951733308746682;0.836266636322658;0.731908788541496;0.748534358037465;0.74915987772446;0.738292894783719;0.772025962897409;0.760560226838844;0.753049860156759;0.739661765108523;0.758152968757866;0.732040880467405;0.749691914800791;0.729485625640817;0.708653137908878;0.664318692650908;0.673883172516668;0.695730559187545;0.66785987777205;0.636989091833501
Azerbaijan;AZE;Personal remittances, received (% of GDP);2.61890157505979;2.14332251762401;2.34525903598978;4.70528614042723;3.7661645945845;3.83587676218684;3.10805893221251;2.8326399787509;2.66549763240316;2.87035592504128;2.85617334250334;2.33704815215702;2.45405271812669;2.3927167997352;1.69843941411199;2.77334116720313;2.60183768470009;2.64699324657026;3.2864567961961;2.78454087413308;5.01775390096678
Burundi;BDI;Personal remittances, received (% of GDP);;;0.00456527293965937;0.00640599084488347;0.000900832124589662;0.0140059745128767;0.226153095027883;1.5847801678848;1.69766901575622;2.03339984496891;1.99000670854207;1.98398361545011;2.07934577806958;1.64436304604969;1.18268870526394;1.23826993996534;1.8119733923046;1.87573365589994;1.82394202360105;1.74107120316335;1.44751853550248
Belgium;BEL;Personal remittances, received (% of GDP);1.75500262016461;1.81655249139261;1.77742921075937;1.78481779747509;1.7804555291479;1.90941240927213;2.02561362151017;2.29499342168828;2.28358794989032;2.24113675269775;2.25161494257737;2.24133516221153;2.27142806556155;2.26348844537198;2.26574343730607;2.27452262450408;2.29129219010725;2.30096697931429;2.45897362907473;2.34095401698842;2.3015423194976
Benin;BEN;Personal remittances, received (% of GDP);1.81453504668844;1.03567964209285;1.01961637199261;2.23731832676257;2.78178404322713;2.94763505011777;2.12371114921528;1.29851188068563;1.46370288914589;1.61021790601818;1.86479559336228;1.98756679939107;2.29333836287905;1.88309227018596;1.87568716516087;1.54134890950472;1.39347012723367;1.50786975713154;1.30443860130176;1.30551361314992;1.32613864462635
Burkina Faso;BFA;Personal remittances, received (% of GDP);1.62143728930486;1.13372747057977;0.814744414938197;0.921925863968498;1.03852026670662;1.10725469495902;1.05531210898895;1.01975417425797;1.19156004110066;1.82998842995804;1.67168609996426;2.29442595791149;2.84234084326367;3.25372238641991;3.09641277300783;2.95484904374504;2.86751537651363;2.91434713990908;2.95970546212432;2.90668733497894;3.03373540268414
Bangladesh;BGD;Personal remittances, received (% of GDP);5.22266923917607;5.30538820275249;5.50437314918371;6.21301842032865;7.55720506353742;8.24288491228715;9.7571612861557;10.2662772858083;9.41212564836714;9.38375495308776;10.5879345994401;9.24521970452854;8.66905397742888;7.84070533213337;5.11780674945425;4.59632792062235;4.84357588234491;5.22831774181849;5.81746954234408;5.334465789044;4.67305837513909
Bulgaria;BGR;Personal remittances, received (% of GDP);7.17520179569465;8.12716407407424;6.58607877728654;5.40001641410679;4.99246421236666;3.81149223781034;3.5217074877997;3.05974302145993;2.62585815176155;2.56887083224635;2.66887046024127;2.98459553713649;2.94752510372002;2.94170693306007;3.0864320376337;3.69853197463607;3.62848455891274;3.4006034343135;2.92672493727303;2.35302816387552;2.25058793517696
Bahrain;BHR;Personal remittances, received (% of GDP);;;;0;0;0;0;0;0;0;0;0;0;0;0;0;0;0;0;0;0
Bahamas, The;BHS;Personal remittances, received (% of GDP);;;;0;0;0;0;0;0;0;0;0;0;0;0;0;0;0;0.520838486457671;0.460118324716333;0.448834648843953
Bosnia and Herzegovina;BIH;Personal remittances, received (% of GDP);22.230683920329;20.450852223555;20.2155591516708;18.1570785669601;16.7039816714015;17.0255452440982;14.21908016822;12.0758442554945;10.6094046467695;10.5031413371437;10.7142489277239;10.7705362278622;11.3538982455304;10.9794785030926;10.7846178793534;11.0053017836583;11.0470172016681;11.3880540280351;9.5472968364582;10.4777747771405;10.5469967400126
Belarus;BLR;Personal remittances, received (% of GDP);0.552247667216307;0.920594142453945;1.034502146352;0.657396214062099;0.725612161429094;0.636765248499207;0.960131319014907;0.990305944135918;1.00520855385655;1.44197805594884;1.60323623987362;1.60669829212816;1.5623095756959;1.64998995495496;2.04636934122529;2.29107916896773;2.40841534205363;2.20275934477333;1.65173701584948;1.65049350927473;2.01273517914712
Belize;BLZ;Personal remittances, received (% of GDP);2.16410283969835;2.46674291697789;2.41345164348677;3.04420161060191;4.02800496143013;4.30312193308368;4.41642421343648;4.67318745647017;4.49289311634361;4.14131466693255;3.99818461451373;3.68005128173833;3.78021973794513;3.86128924595707;4.31452670138999;3.98005543726632;4.03494634441688;4.05635391797557;5.89353813649198;5.58282944362592;5.03149519698388
Bermuda;BMU;Personal remittances, received (% of GDP);;;;0;19.2462565104167;21.4295583284077;19.9252130003497;20.2233616642;19.0129001022245;18.617914945364;18.669495581299;18.9442100543097;20.824527732703;21.7203796852555;20.9559707375665;21.0849716681847;20.0216026349101;20.8424125114086;22.8556312615661;23.2294327238924;23.8483770745362
Bolivia;BOL;Personal remittances, received (% of GDP);1.42812234680867;1.95692393782368;2.39995243012735;3.52953941467275;5.26530070800242;8.04388638440567;6.80520358115113;6.10109847905471;4.88664757003882;4.35249959614122;4.10025014391943;3.91834762999268;3.56697642694154;3.60894254325227;3.67293280792535;3.75379354564215;3.44592381350509;3.26594853352319;3.07541011203655;3.50803987145096;3.3157873461294
Brazil;BRA;Personal remittances, received (% of GDP);0.393057978948569;0.409627690516944;0.420223881591128;0.314631171968773;0.296775300718502;0.236608669655198;0.214793412204209;0.173315277283089;0.139566696231506;0.122875010806988;0.112933662848071;0.109901876355232;0.107811945028355;0.160741889363045;0.152575400704964;0.130785125423529;0.153030278169315;0.17154977369807;0.241596231162358;0.248664003266659;0.259037012054758
Barbados;BRB;Personal remittances, received (% of GDP);4.02578464509899;4.06605390247702;3.78889741660618;2.47297876161801;2.07111934818433;2.96692734349593;2.11400973439214;2.5635671154406;1.80679951425135;3.16324341103857;3.3013609554349;4.07597044060642;4.00877221925894;4.18331843756831;3.25210166587864;1.70614531378323;1.66676566704173;1.59472566512516;1.79741479910526;1.73012720643497;1.49432701164045
Brunei Darussalam;BRN;Personal remittances, received (% of GDP);;;;0;0;0;0;0;0;0;0;0;0;0;0;0;0;0;0.00724646479572538;0.00637550863442135;0.00521668559688157
Bhutan;BTN;Personal remittances, received (% of GDP);;;;0;0.25588112268852;0.251050272747874;0.289045773660765;0.394379374927438;0.534465726044384;0.588628600410747;1.01863427318893;0.672143689737221;0.749431860729655;0.981061036769431;1.5907321286873;1.66529775195404;2.25090820611632;2.07110087219785;3.39498068585697;2.65054789563451;
Botswana;BWA;Personal remittances, received (% of GDP);0.350687524948885;0.363562942230812;0.878109958487206;1.18707136286911;1.04705461478315;0.872425067516232;0.43634276370506;0.150309734137875;0.176630497465334;0.135069549733624;0.130168543116406;0.252277147948076;0.298143860533116;0.222054373468019;0.163250644670971;0.241888750160888;0.260157616300064;0.354899128789572;0.295601872237209;0.323335620784682;0.336422314458986
Central African Republic;CAF;Personal remittances, received (% of GDP);;;;0;0;0;0;0;0;0;0;0;0;0;0;0;0;0;0;0;0
Canada;CAN;Personal remittances, received (% of GDP);0.0835231205643071;0.0750710176451684;0.0806146549270693;0.0795882712229774;0.0822952290790777;0.0801649824196723;0.0836716563310317;0.0870378903831614;0.0741436713060295;0.0684395668583124;0.0686186551035798;0.0723784507605154;0.0748334365365903;0.0818662480322062;0.0843801895863589;0.0768939488154854;0.0750910157999639;0.0752287448471604;0.049637012939377;0.0414203845184042;0.0399650068402035
Central Europe and the Baltics;CEB;Personal remittances, received (% of GDP);1.01354467192646;1.16461837118066;1.56133542794129;1.87852959731787;2.02842507923197;1.94942719090736;1.77868982633021;1.74754475178178;1.52638197867057;1.51459003956257;1.58259743404268;2.06079448951662;2.10568651925713;2.22122079950238;2.31295217800911;2.27045322381335;2.14712391498744;2.19583241961112;2.05999550322181;1.96126446455999;1.86675002764731
Switzerland;CHE;Personal remittances, received (% of GDP);0.396189801958927;0.423473893410424;0.419730553539345;0.411556215775262;0.406485275152795;0.365899378774566;0.390420375099495;0.422512547224656;0.416568137346318;0.365315005484312;0.352614918721195;0.345078248473529;0.331182770307385;0.362614874284735;0.366929876151172;0.372814469519843;0.351549664896791;0.353398824291966;0.380686563671756;0.386286554319482;0.375565722312758
Channel Islands;CHI;Personal remittances, received (% of GDP);;;;;;;;;;;;;;;;;;;;;
Chile;CHL;Personal remittances, received (% of GDP);0.0176477170231974;0.0154263329265511;0.0117081853039536;0;0;0;0;0.030235585304789;0.0287143864915781;0.0282109379114708;0.026975039556852;0.0256342544456116;0.0233520103015408;0.0243316680797183;0.0258882864520982;0.0240958635345205;0.0236116491733309;0.0249005916547977;0.0260355333917746;0.0210009255989346;0.0230521497709269
China;CHN;Personal remittances, received (% of GDP);0.160012116074133;0.278587364471309;0.339644112485122;0.145980688667258;0.156951539769512;0.192464754841041;0.198865414659231;0.180518373153337;0.224012015874249;0.219403710226915;0.200014679985855;0.185885365632384;0.285524737207618;0.299276395891668;0.239317440421114;0.232939387343096;0.174924551203451;0.128111718847645;0.128517017732492;0.126146573389722;0.145329413095125
Cote d'Ivoire;CIV;Personal remittances, received (% of GDP);0.665170447969673;0.666314404793007;0.677134468951807;0.679116817786233;0.660207882241841;0.643032822806386;0.586067240064433;0.933538134447776;1.07006716223386;1.08226540779272;1.01119250912275;0.899851536702484;0.792773289346929;0.734218103148059;0.707397024353769;0.585852971473333;0.567383239327671;0.548078036586959;0.522599505791925;0.612989248304404;1.48807278652648
Cameroon;CMR;Personal remittances, received (% of GDP);0.237222005387603;0.472217476200757;0.549177363145698;0.394770633837122;0.621977589504968;0.700261311241565;0.586936874732266;0.662701069993311;0.417962411456958;0.716734439989919;0.697752593871705;0.723802347821829;0.778687749014379;0.750404350982405;0.795377370200627;0.877599508682915;0.834431920911509;0.896248788423869;0.819403311730564;0.955908973423993;1.28920328943915
Congo, Dem. Rep.;COD;Personal remittances, received (% of GDP);;;;0.0743868239817357;0.0885696586436046;0.052577894727008;0.0742855113767765;0.104566765515239;0.0728007191011682;4.36343244394809;2.92037911475758;3.06415561015617;2.1064622394183;3.07657906053348;1.59817812382953;2.83091985189982;3.83177373162456;4.01020694936537;2.45509565540411;2.43614041707347;2.08267588102804
Congo, Rep.;COG;Personal remittances, received (% of GDP);0.0387736719620604;0.353571199046981;0.321110914580859;0.171122067473634;0.163616483943045;0.189999376550145;0.186418472915932;0.350594514620832;0.252023171385013;0.397474618600976;0.386284946742783;0.401237664215694;0.232115554602248;0.239620762250869;0.0705319153647055;0;0;0.187762241784076;0.110147131218468;0.296509912253019;0.0186181041033325
Colombia;COL;Personal remittances, received (% of GDP);2.53195366414596;3.25006038249131;2.72409600444899;2.29780092832452;2.40996885227276;2.16273306788504;1.99042004970298;1.77437358642968;1.40693436300273;1.22439717457121;1.0841032334188;1.16459175184649;1.09267695626741;1.70416576364181;1.83643004865321;1.86578764819161;1.99734137781356;2.20267000795016;2.56320622302615;2.70265296417497;2.75142580070129
Comoros;COM;Personal remittances, received (% of GDP);;5.85908103403219;7.68573970281212;8.26735870756391;9.04848735863526;9.30601798849629;11.0658474551077;11.0905739704572;9.60948575936017;10.5732912200549;10.8484734095624;0;13.902154299698;13.6503067079102;11.5266033358638;12.2139851993287;14.5205736815079;14.1041059000039;18.5019188439698;22.2199718946945;22.6828771596462
Cabo Verde;CPV;Personal remittances, received (% of GDP);13.7019612341664;13.3345883286192;12.2632636862748;14.0595288027309;12.330871058599;8.41366678290578;7.91153078177058;7.3215866529587;7.17412079600628;8.64146302792859;9.25050642437388;8.67057957556007;9.64684648689674;11.4811351206676;11.4269095854435;10.8452795535663;10.6347793478413;9.54740136848487;12.8536888281673;15.74220264733;14.0718545234461
Costa Rica;CRI;Personal remittances, received (% of GDP);1.51184750175763;1.85782760750366;1.71701310334583;2.09746973173541;2.2590538615501;2.29840794050035;1.9634238492586;1.66882404497033;1.40920952287861;1.21652917887826;1.19060562225255;1.17056543176464;1.14180389678354;0.977976120591599;0.926850292042684;0.92598024585171;0.854707229961662;0.859046861806646;0.841063564332046;0.9145998443438;0.896597234379823
Caribbean small states;CSS;Personal remittances, received (% of GDP);5.84362898627667;6.06303610984025;6.29447078562681;4.84087200874982;4.60105529269401;4.69174424509059;4.10692440154882;4.43478154088946;4.39168730526133;4.43120731630871;4.34256957604024;4.15464350891076;4.21072423909617;4.41181473745464;4.66742291409469;4.63735488352806;4.5576809704372;4.76044735981892;6.62372482709604;6.86738725812427;5.46199310278522
Cuba;CUB;Personal remittances, received (% of GDP);;;;;;;;;;;;;;;;;;;;;
Curacao;CUW;Personal remittances, received (% of GDP);;;;;;;;;;5.12367800953276;4.51290640674865;4.38611692022781;4.68396902384262;4.65461191583092;4.90691559093927;5.27970822097895;5.0991453718198;5.82721056913967;5.21983779202261;5.18008511352666;5.15628133875869
Cayman Islands;CYM;Personal remittances, received (% of GDP);;;;;0;0;0;0;0;0;0;0;0;0;0.275142793124441;0.301661145863823;0.257790644942091;0.23811584911243;0.159523834036462;0.169422788940232;0.149213967983605
Cyprus;CYP;Personal remittances, received (% of GDP);0.180914059185805;0.218691709139162;0.446819720471595;0.568626066065524;0.520660625882999;0.593172046835299;3.40683364904398;2.28716204695303;3.34886807959769;2.68642222662019;2.40665332428236;1.80338655269175;1.3952679989504;1.50106242148779;1.86882483508255;2.03080024476714;2.04200972455738;2.06366865129812;2.25012314434297;2.12702109640398;1.78624934119111
Czechia;CZE;Personal remittances, received (% of GDP);0.40472117083227;0.493269277683549;1.01983310965094;0.977456492130494;1.02598569222208;0.960673993348191;0.479039129758116;0.576604358045419;0.587872113975275;0.60737760522876;0.674684249889837;0.820974218590232;1.2553861167698;1.4225308225181;1.59288486778286;1.63986389055352;1.58071568740797;1.52839632063979;1.70172342665397;1.55677874421646;1.429123985512
Germany;DEU;Personal remittances, received (% of GDP);0.223895979431575;0.229785155928728;0.231511101417127;0.241102623988943;0.2499128173289;0.285134059617623;0.293001735482485;0.361883505649003;0.376178305260267;0.409064687058998;0.414982598118433;0.439115525751996;0.438368835829228;0.463602364538281;0.437828517274151;0.47935518723478;0.475624364479515;0.471547247679287;0.496960117640042;0.485773624547986;0.472469447525762
Djibouti;DJI;Personal remittances, received (% of GDP);2.53010809596515;3.96561206472342;3.7144667370644;3.64779774335194;3.70302608950199;3.37772822891574;3.03555941023417;3.09468004655428;2.89214171045678;2.61145571287156;2.45750699383544;1.94765751545189;1.71038766370855;1.6380988368332;1.54464173973695;1.4958183161622;2.05452378934998;2.57252810768629;2.01106503563769;2.3460600799729;1.6090698184362
Dominica;DMA;Personal remittances, received (% of GDP);4.3391116347832;4.31236110212095;5.45510368756558;11.8412088457557;11.3104497119831;10.7433283972119;9.96961526900622;9.11413138722567;9.35789265146599;9.24747563918961;9.68530943808253;9.63069113897177;9.68453642690789;9.60078171324461;7.64169723340006;8.50372228941408;7.59619125718876;7.76830831508639;6.67499672881635;7.23977550636984;6.22009458606527
Denmark;DNK;Personal remittances, received (% of GDP);0.439364389684848;0.431265202996553;0.427808501109312;0.251861566748008;0.261684615872271;0.257715588784332;0.297628925973405;0.317227728880912;0.287416468906835;0.334266117732097;0.361377978499734;0.398958981448673;0.420127069492175;0.415714440346279;0.398259774093545;0.395774791631445;0.396618154995965;0.418887138088998;0.375384520479573;0.348187055954404;0.311703722414459
Dominican Republic;DOM;Personal remittances, received (% of GDP);8.08587669442767;10.8647468285944;11.2048946967094;7.60029456457848;8.0618101855444;7.72652012566368;7.49232145674294;7.07547381214632;7.21683343094131;7.30780035309292;7.02371809508052;7.15594364867103;7.16046914813152;7.30164075567293;7.27617148276281;7.72243859104453;7.9687556668423;8.34324880149665;10.5671080212351;11.3989913811344;9.05261427590571
Algeria;DZA;Personal remittances, received (% of GDP);1.88511855447974;2.57869247233747;2.88283790989828;0.164731535533525;0.161500805409695;0.0733491652235497;0.0606031947745974;0.109566257430197;0.121948124835678;0.101428265142626;0.102765815137161;0.0999267908733297;1.14701971299472;1.20339967846273;1.24287398969209;1.05345020435218;1.13486400308283;1.03972742147247;1.16616413999746;1.09630683143862;0.85076358896082
East Asia & Pacific (excluding high income);EAP;Personal remittances, received (% of GDP);0.855313463634242;0.91650926998158;0.949864756026064;0.928398465083601;0.880962033397813;0.840264936271524;0.764998042803654;0.739263658985211;0.719958830572553;0.654588882673609;0.615179589243805;0.618170505854854;0.696701900439445;0.694588225077578;0.647172512099701;0.628038344091805;0.567718134357348;0.540054744747774;0.520541054120412;0.469880945187445;0.504408321763604
Early-demographic dividend;EAR;Personal remittances, received (% of GDP);2.18588770518214;2.40239632263613;2.24269773846063;2.248765247277;2.34454575651855;2.33678694351181;2.4407944571473;2.45342987233214;2.24006165672211;2.32384508508173;2.47179398183759;2.4662634754223;2.53877216163078;2.76505507406152;2.6547462755655;2.68802162854092;2.87239124525678;2.98610688499548;3.30520377250055;3.2277205758002;3.25540574672587
East Asia & Pacific;EAS;Personal remittances, received (% of GDP);0.337882284636222;0.361937521445784;0.373958923628039;0.375453026258026;0.393222777256847;0.415866845719582;0.421519542533772;0.413576512171339;0.409951941867766;0.396280121768945;0.386868222729387;0.416088600688069;0.483224828221567;0.496973739310234;0.461906624758007;0.457729278828451;0.425128498759701;0.410509404041667;0.402806185017513;0.376339638704521;0.412970154633113
Europe & Central Asia (excluding high income);ECA;Personal remittances, received (% of GDP);1.23489232186067;1.05281861765652;1.06163572397128;1.10480221410888;1.09614657169782;1.2776879538776;1.3254623722544;1.45984309267266;1.29031383231032;1.21292363905069;1.20028605725341;1.2469835702067;1.3114721620147;1.46448577175303;1.57509049307848;1.69708457777635;1.87803121585611;1.93749694916317;1.96128991489613;1.88935289203244;1.8382926360483
Europe & Central Asia;ECS;Personal remittances, received (% of GDP);0.452201712835607;0.44838631706849;0.463626644248047;0.502924149623688;0.528210976737717;0.572734103788014;0.616352307440823;0.64641639610276;0.639318880632632;0.646722725906312;0.669922627926623;0.720390743665979;0.722357089452885;0.757579456712594;0.766319471823894;0.797935990894471;0.804060666024025;0.849343308849045;0.841322374599388;0.821748430094766;0.847077461731232
Ecuador;ECU;Personal remittances, received (% of GDP);5.03704381819433;5.0363339783839;5.02311652620511;5.92669902017933;6.26854846644854;6.55064386239806;5.00081178419606;4.38651629027695;3.73663047264203;3.38131828678572;2.81630799450655;2.58468611689305;2.4304910685218;2.4046195290585;2.61370729603577;2.73171775230461;2.82542002086851;2.99948574296015;3.36756804518592;4.11379094349227;4.12690314764104
Egypt, Arab Rep.;EGY;Personal remittances, received (% of GDP);3.39780812879388;3.68782754491018;4.24041046775191;5.59962358402971;4.96108547838757;5.86930961331901;5.33969849246231;3.7799170984456;5.68677117520305;6.06988425351907;6.89188511375172;6.18272925177381;6.40402291079812;5.56383108965179;5.59207795083782;9.96018840777921;9.71698574857486;8.40388463187991;7.71274724506713;7.4144321712116;5.94293350334715
Euro area;EMU;Personal remittances, received (% of GDP);0.421745705029773;0.421653838045474;0.418591127590921;0.433401641438603;0.444872002642858;0.464337457221846;0.50753283641237;0.541140905951502;0.563865869111667;0.583165410227119;0.609261311850836;0.640368915250866;0.646313287361878;0.68659868404035;0.670824685972702;0.678327245858487;0.666598950013382;0.709688861688514;0.716609775737798;0.706562364988075;0.727798924953319
Eritrea;ERI;Personal remittances, received (% of GDP);;;;0;0;0;0;0;0;0;;;;;;;;;;;
Spain;ESP;Personal remittances, received (% of GDP);0.105159233805716;0.0992108388737246;0.09459612687543;0.0984031664745288;0.101678544135862;0.113735862289758;0.112777478013999;0.102218328237356;0.112224547726083;0.115772430058262;0.158060750216391;0.223945302357493;0.228190644920758;0.223499713089041;0.213381968806203;0.228803038162805;0.234346396664555;0.229993582188461;0.239678568385788;0.273209028145949;0.301681992821402
Estonia;EST;Personal remittances, received (% of GDP);0.259894721389376;0.518606513731985;1.37394622055846;1.80487404567288;2.30359975492971;1.69843003286022;1.7103554965218;1.73203677332281;1.82899817593971;1.88959554268822;2.00127107306155;2.24877375222158;2.0422087065726;1.99767334374792;2.02087853002516;1.87596218763252;1.86256224784562;1.74350734824931;1.61568555117668;1.58613023472685;1.23376013090089
Ethiopia;ETH;Personal remittances, received (% of GDP);0.420171887116394;0.538866604196298;1.32010990207259;1.39922146934874;1.12659427082788;1.81573565751308;1.42866780210322;0.806482761481544;1.45702856682548;1.68479919300585;1.44158455346166;1.74829264852673;3.23018487802699;1.68292003592368;1.03939404671686;0.481074848610145;0.517775747914025;0.500063731614164;0.375345368515945;0.402336426590942;0.402419344545453
European Union;EUU;Personal remittances, received (% of GDP);0.439862967932131;0.452088344899261;0.471228354696819;0.505468330029613;0.53381934950073;0.558155802076013;0.587536895919967;0.613694340057927;0.613941058349347;0.628460442376063;0.65980107262317;0.723637045569204;0.73358961734643;0.779415267676653;0.767100073496814;0.775589691213425;0.760725481057499;0.806777312616146;0.801228003275338;0.78096627373845;0.795562625484167
Fragile and conflict affected situations;FCS;Personal remittances, received (% of GDP);2.06174397572057;2.59236941146481;2.56055921681406;3.29926818890249;2.98052337293658;2.9617355276336;2.73745840542505;2.90384211964926;2.62838309312432;3.02795482818396;2.89154095161663;2.95761853457187;2.70823696519201;4.23619292248099;4.44707340651794;4.7171859802291;5.1267576446764;4.92830995005905;4.74128447660348;4.90507160681423;4.31487839960054
Finland;FIN;Personal remittances, received (% of GDP);0.339841445689857;0.306655636812959;0.337713056789881;0.337884864363247;0.329264956231776;0.314359969255399;0.335713739346581;0.341529441068148;0.358351286333895;0.274330322952503;0.333780935616336;0.395488548010802;0.388750163734594;0.368994887619168;0.357585947343255;0.355294462423652;0.305052207796784;0.313562385591811;0.219993118717132;0.225100131640542;0.210206408033881
Fiji;FJI;Personal remittances, received (% of GDP);5.4220806536653;5.37617238534145;6.37519227759235;6.82162950851639;6.65017630138786;5.42319175045615;4.16320180720189;5.95888460593457;5.5930512336523;4.24819148417907;4.79875401905153;4.8585113044086;4.54937136267979;5.38939845373922;5.52435658198911;5.20667916886213;5.19690846486119;5.26352641971773;7.15528554288723;9.14360758758585;9.21343949405116
France;FRA;Personal remittances, received (% of GDP);0.705957986042703;0.66313141450895;0.629477508336533;0.646583094693637;0.66946757863777;0.660996547076761;0.685447572160254;0.728107748385222;0.752243665134613;0.800733639185935;0.844602810978588;0.868184596707153;0.887909315033468;0.986680136633043;0.972207662434774;0.95888630073827;0.939795054195738;1.1002620999409;1.08604270550381;1.10942484155298;1.22082678195642
Faroe Islands;FRO;Personal remittances, received (% of GDP);3.11741798539711;2.95484195688427;2.85359049622542;4.56216960414584;4.41376131496738;4.66768938001315;5.48500130105527;6.04257401682263;6.27811245207485;6.32195310250215;6.52652128373276;5.88867069770426;5.43620661325097;6.15452746771059;5.63085841718127;5.3157281855529;4.9680644767122;4.84968658076556;4.85620851592073;4.3340349901307;4.45486152480411
Micronesia, Fed. Sts.;FSM;Personal remittances, received (% of GDP);;;;0;0;0;0;6.18999402749919;6.08420911545304;6.24089307603944;6.3570306008855;6.95006279664479;7.30999225736615;7.37423216349084;7.02411808398833;6.36509768541902;5.80662464798176;5.61026442307692;5.72026960784314;5.74844827586207;5.50441037735849
Gabon;GAB;Personal remittances, received (% of GDP);0.0533513110390685;0.0919750930740345;0.0881875318346983;0.115082988225719;0;0.115688777232181;0.132641484209528;0.114302245371279;0.267376934761293;0.119669578112614;0.131542505439663;0.0939261213373112;0.161872140404888;0.128331390945391;0.131618558786255;0.123634801739751;0.109430752765261;0.109384844941046;0.120525967295459;0.0912953344067937;0.0875961972386076
United Kingdom;GBR;Personal remittances, received (% of GDP);0.293161418503394;0.276893445027936;0.245229660511519;0.237701070327831;0.225432452570796;0.21214412276564;0.204652033511041;0.217295048291137;0.199213013211648;0.191417985657686;0.182658004430191;0.172522626724534;0.161100755282549;0.170886111117857;0.170401717173611;0.160770446093424;0.15288029407412;0.147815247511695;0.120397592731741;0.11014219967688;0.128358343660191
Georgia;GEO;Personal remittances, received (% of GDP);6.66503181205268;6.22476000287562;6.99638215069328;6.95697266099558;8.09978657953664;8.68054072402569;8.3236359191983;10.3243983088381;9.67013606714193;10.2417729574866;10.7352430986605;11.3163300206684;11.2692880702384;9.75506976473825;10.0437560748916;11.0446614607782;11.5604785963452;12.9259017422625;13.3160958935635;14.1922501649402;15.5511132758914
Ghana;GHA;Personal remittances, received (% of GDP);0.705783386680856;0.852907818883425;0.92745551290552;0.923113637317234;0.503964848100869;0.472719655317582;0.439705076430655;0.439390802986601;0.421931838233591;5.42658723153267;5.22269483590356;2.96697334741218;3.66504158376456;10.0846888480719;5.30568501346541;5.85440962708668;5.23123840652247;5.93183330836785;6.1275944041233;5.24084768716183;6.28003372214603
Gibraltar;GIB;Personal remittances, received (% of GDP);;;;;;;;;;;;;;;;;;;;;
Guinea;GIN;Personal remittances, received (% of GDP);0.514880569855989;3.22204824802814;1.14538519088308;1.41535528138882;0.699048945116284;0.239894898974729;0.883377614798873;0.774612767956942;0.674986753139328;0.95060715724526;0.868023139924999;1.11035319668536;1.38322284889306;1.4848681276352;0.606922409615662;0.432556270354902;0.23977335909116;1.17631205262508;0.1589100075078;2.13717308618527;2.51092882247792
Gambia, The;GMB;Personal remittances, received (% of GDP);;11.1017545288707;6.31549101053971;5.77055813367122;6.04997266264832;4.34964506018302;4.14988668660995;5.50298695848449;7.49688597962595;6.48076674060041;7.51583724184049;7.984040941284;11.2058152772073;11.1787100908889;9.81280254474036;10.642988781079;12.6915888581496;15.2086255711844;22.9790072609688;26.8370980505434;22.9446611084633
Guinea-Bissau;GNB;Personal remittances, received (% of GDP);4.22003222297534;4.84361975066687;5.20597737998719;3.38975226457638;4.30809956744888;6.1744301187537;5.69720538959255;5.88469564705521;5.39962812957714;4.73806505391378;4.61301071869362;6.09773967314072;8.76085993345161;8.10440874055115;4.78634647410997;7.79005690209051;8.50597906956451;10.5016123295725;12.2184322290784;12.5789081163361;12.6170902074797
Equatorial Guinea;GNQ;Personal remittances, received (% of GDP);;;;;;;;;;;;;;;;;;;;;
Greece;GRC;Personal remittances, received (% of GDP);1.07424470935179;0.773362168181692;0.515714485443429;0.49204732475408;0.564112054923223;0.778682692794888;0.754920164770728;0.610347438314437;0.504428267319193;0.41942615987844;0.28136341065509;0.336830854001399;0.31212580909214;0.260285739960784;0.215981552908788;0.200591146976083;0.230936509280055;0.329509577295658;0.324374408703733;0.320898727123856;0.276026094281266
Grenada;GRD;Personal remittances, received (% of GDP);4.58150357078302;4.27708305381476;8.03031515061446;4.90362233087876;5.04169194064307;4.78440164065426;4.4478749458577;4.58259874104539;4.72144479135532;4.76111367810679;4.75194384284841;4.57296727253599;4.48852097718851;4.34848478558055;4.2453279509006;4.19946479283399;4.11427263374468;5.22176645161998;6.75004453353317;5.53046764012752;5.77991952884816
Greenland;GRL;Personal remittances, received (% of GDP);;;;;;;;;;;;;;;;;;;;;
Guatemala;GTM;Personal remittances, received (% of GDP);7.82711765505829;9.95052323955904;11.1441946802014;11.4496338247076;12.4397165660231;12.6198129936818;11.4940758820625;10.7798821237051;10.3860258746852;9.67029683304015;10.0118587523679;10.0077042770661;9.94162306143378;10.4233906572422;11.146547540817;11.7145042983178;12.8704279564957;13.8075436095655;14.6759471578726;17.9047304147932;19.1620159203597
Guam;GUM;Personal remittances, received (% of GDP);;;;;;;;;;;;;;;;;;;;;
Guyana;GUY;Personal remittances, received (% of GDP);7.02352185317432;13.3635873409735;19.4219608124586;24.4021997992394;9.16355792136049;10.1976893670197;9.05385270584475;8.27838696778933;10.7140920276288;11.1665425364523;11.5493029844716;7.8735204384598;7.98656120409165;7.07441175191082;6.00473270243846;6.78872751636501;6.96988400875985;7.35168208159438;7.84324402383133;6.81316343268098;3.56718288438228
High income;HIC;Personal remittances, received (% of GDP);0.19799942406357;0.211025174974129;0.219454246109404;0.222633407099882;0.235656416032605;0.254059752616647;0.273867308937795;0.276200090116098;0.263376123002472;0.271054245264917;0.267499495143933;0.292775157097377;0.298523797452716;0.295259809632497;0.28998464690162;0.293728114612407;0.290482286394364;0.297649240746639;0.296955835292643;0.292362574551647;0.283095286234372
Hong Kong SAR, China;HKG;Personal remittances, received (% of GDP);0.07245589559711;0.0741647014874772;0.141843226124742;0.163442371673097;0.151927537398905;0.149750125553938;0.162052750854811;0.162483545264006;0.148517908526716;0.141496676335513;0.139670582688508;0.130664351966006;0.127787368858284;0.125005987465829;0.124506792307837;0.128020109409165;0.117372780129408;0.12428486884234;0.123664603893105;0.122818349238199;0.116304984864454
Honduras;HND;Personal remittances, received (% of GDP);10.1981792127611;10.51455531516;13.1814704759739;18.5015124633633;21.6026915899283;21.1438409427367;20.3241508223791;16.9826205436393;16.5278735126143;15.8698406825036;15.7614551051777;16.7474848196543;17.0551897987251;17.4749176819329;17.790816103454;18.6839353350606;19.8462499915411;21.5284146002236;23.4542535586829;25.2851874279506;26.7528176467662
Heavily indebted poor countries (HIPC);HPC;Personal remittances, received (% of GDP);2.84871892120511;2.97551225050391;3.11626459674334;2.67296796416997;2.77130102975964;2.85586525468677;2.85305073239603;2.65155784725599;2.76229826993172;3.13181891078239;3.09088459271077;2.89179290614227;2.98369054076807;3.42701356849344;2.98316866819337;3.01684603202005;3.751872499022;3.91707419201748;3.9312667945444;4.12526356542472;4.28685969556934
Croatia;HRV;Personal remittances, received (% of GDP);4.08503788078344;3.74839886593696;3.71650821329294;4.16314265272743;3.88323945290915;3.75732331591669;3.65636191620215;3.65434469097291;3.88825714911159;4.02325008412371;3.63476015947311;4.65409846900709;4.67354478733786;5.26424858703083;6.13763875272117;6.54097290857891;6.52562169423441;6.96568901141185;7.26248552464865;7.28807818104746;7.5533222473888
Haiti;HTI;Personal remittances, received (% of GDP);10.8874741044885;15.9899122052425;15.3028552210101;14.0274962743515;13.9141942511302;13.2423552743139;13.129098698713;11.8612272527478;12.4274042452821;11.9255644590233;11.7611410309332;11.9509924480877;13.0524137661681;14.7852863315959;15.8295930060199;16.028014184258;16.6739853467398;17.9484096513974;22.4512536627714;19.1326076146465;18.7510455982549
Hungary;HUN;Personal remittances, received (% of GDP);0.656062185574263;0.547567769115902;0.607520288987041;0.646140509487318;0.742040145323275;0.696203145400904;0.828799926422819;1.2017867414907;1.39959097146837;1.62391731139597;2.44365425440742;3.06565947548103;2.98006047864967;3.15868524983352;3.24331520538971;2.8814610018533;2.74330580977495;2.97382125517663;2.49661805108614;2.10520209378811;2.19331706067583
IBRD only;IBD;Personal remittances, received (% of GDP);1.40480254903124;1.59267968889277;1.54239196891723;1.50070202964115;1.4938796572408;1.47628658720209;1.40150259944583;1.3556938350725;1.20156048428487;1.12419125107803;1.10982061314056;1.11393773825049;1.16054935639658;1.23902050045485;1.20501512812294;1.20916579337961;1.21380143397114;1.22821765715849;1.28218560846238;1.23641439967232;1.25383973947961
IDA & IBRD total;IBT;Personal remittances, received (% of GDP);1.53882129644577;1.71995360908296;1.67457856455645;1.74886531382188;1.74098678007835;1.70524193665004;1.64695486043347;1.61956280202307;1.46096690566759;1.40330746458799;1.40725022318534;1.40316215190356;1.45406299286246;1.56110287959916;1.51433939949422;1.51252604922082;1.53561997218419;1.56207088015238;1.62756128367873;1.56674472781053;1.59264644441718
IDA total;IDA;Personal remittances, received (% of GDP);2.95751053783323;3.05802478412524;3.08263916888745;4.27625464880918;4.24687344521585;4.14593951000531;4.24644585660089;4.36424092905423;4.30441844320247;5.11738308748022;5.34000633941026;5.09195171757806;5.0469486521955;5.30603018178225;5.09570696817443;5.22495520076493;5.61460770356722;5.73771251470138;5.86413799656767;5.96916461519128;6.06844366946665
IDA blend;IDB;Personal remittances, received (% of GDP);2.23514261254113;2.11283429596643;2.24216016097628;5.26573622016539;4.99764682406719;4.71928451597675;4.64223111051448;5.09432497346856;4.85902795176806;4.94316493163043;4.80294436393282;4.51980623648922;4.47179326573834;4.71073098541849;5.10495882302687;5.59947969480211;5.56198995121479;5.61307119320221;5.63717989235044;6.19839308229423;6.46498100989665
Indonesia;IDN;Personal remittances, received (% of GDP);0.643419007825212;0.634107308351031;0.726653829373429;1.89584318278586;1.56961610211313;1.42852866637853;1.33159930028246;1.25892475677375;0.915919028544745;0.775387465928679;0.785753675199222;0.834434842174634;0.959926226606045;1.12204462407113;0.955775529544706;0.885128402978051;1.07604827122093;1.04248024307832;0.91127727787002;0.792447016859114;0.992289766376892
IDA only;IDX;Personal remittances, received (% of GDP);3.45287401975022;3.70989585793662;3.70141459280016;3.52828267760891;3.63579409596775;3.68894253140033;3.94657407651655;3.8640396770899;3.91372730473983;5.28152609075388;5.88721576958898;5.65966036346295;5.62395937129477;5.86960286621529;5.08815170538328;4.95098849043938;5.65709362361911;5.83532532647874;6.02743580452008;5.80329193245322;5.77939854180119
Isle of Man;IMN;Personal remittances, received (% of GDP);;;;;;;;;;;;;;;;;;;;;
India;IND;Personal remittances, received (% of GDP);3.05585096618264;3.45551681338007;2.64406914981621;2.69692660117839;3.01338413108156;3.05873598317299;4.16861118958225;3.6667673744585;3.19166058449623;3.42826651550204;3.76554510503429;3.76848981160207;3.45190175859968;3.27581644113407;2.73420120453445;2.60108787285453;2.91499156000614;2.93877465560929;3.11234151502779;2.83703006663007;3.25529131155448
Not classified;INX;Personal remittances, received (% of GDP);;;;;;;;;;;;;;;;;;;;;
Ireland;IRL;Personal remittances, received (% of GDP);0.245813001303713;0.204731348387573;0.212946193394332;0.241809292855696;0.23229676116908;0.218237795999476;0.229945021288157;0.242441270378681;0.296516322050651;0.316092780891075;0.308724367334232;0.303400574586969;0.279484278718238;0.206459426058474;0.192753962494538;0.176928559402266;0.161272247454776;0.147063822434195;0.0644063047581487;0.0350326255742121;0.0817254179503934
Iran, Islamic Rep.;IRN;Personal remittances, received (% of GDP);0.6616033537233;0.767203039692484;0.543033757323191;;;;;;;;;;;;;;;;;;
Iraq;IRQ;Personal remittances, received (% of GDP);;;;1.42348425743984;0.597020450112193;0.00348953484915305;0.053869471607508;0.136130478322238;0.127565824992139;0.120054052677278;0.124310511439992;0.309839415005032;0.319330124832297;0.602311731936043;0.592067986146769;0.581408826339015;0.32621201403662;0.367751391197373;0.356171472168583;0.404205082337283;0.415773700484508
Iceland;ISL;Personal remittances, received (% of GDP);0.695084295718969;0.428554682978141;0.440962307686362;0.390275541047544;0.459704299926823;0.508087550145978;0.664629221092496;0.714957822887164;0.985796487836427;0.991487350265375;1.04757961045758;1.2858297042874;1.21856064058306;1.23844808675552;1.00553264622721;0.761953149736456;0.664008794403208;0.751462327465034;0.775927567970841;0.757733286272605;0.686036178952789
Israel;ISR;Personal remittances, received (% of GDP);0.133215392812009;0.130388506973944;0.212683649302782;0.256248137230303;0.308059867885693;0.314965127685039;0.284948517062912;0.239184744100904;0.239759266796554;0.222870372586285;0.261130806334472;0.256874639032603;0.273279620344469;0.281166729828026;0.299097067381188;0.276681828720538;0.271203339599282;0.236886919100411;0.249886472348617;0.251797985263415;0.240989352650938
Italy;ITA;Personal remittances, received (% of GDP);0.17800177363198;0.191629769324653;0.204188500950149;0.220185880185992;0.209064906055673;0.20763798473567;0.305349329008742;0.320069027386887;0.37335019022725;0.380447451713465;0.43921060455637;0.440544883604269;0.46712360442034;0.523115923009128;0.506791177247686;0.496595221503982;0.473230009680966;0.519987294057617;0.521145025362312;0.487531490928089;0.513702553806233
Jamaica;JAM;Personal remittances, received (% of GDP);12.7749643691386;14.6295402784889;15.7371093622915;15.6674652814461;16.1249488309007;16.5793541489732;15.730734103885;15.5892981186189;15.3279995086397;14.577058502549;14.6425610153;15.2261378594526;16.3231129965142;16.641372650293;17.2863967986061;16.6296173370779;15.9026626634193;16.187100500096;22.2037347526834;25.2885990307479;21.5674728909011
Jordan;JOR;Personal remittances, received (% of GDP);22.2799575387991;21.5889440701648;20.0447416233052;19.2300797705477;18.5557449837945;19.4406271031937;15.4914351853975;14.1218875653689;13.3521924032083;12.4777301545258;12.1648907193624;15.5069038404564;17.2866368135782;13.8603866066361;10.9660770338384;10.6516184361923;10.3110054962553;10.2557204797924;11.0277178090294;10.9558097995849;10.0975856592221
Japan;JPN;Personal remittances, received (% of GDP);0.026940198623711;0.0179473405667154;0.0158094496467218;0.0187309824125514;0.0255774585995197;0.0302184697056711;0.0339237865439651;0.0301452736960298;0.0292489662024517;0.0341998859717022;0.0404883720248675;0.0453512003886864;0.0762490669316558;0.0748065192301101;0.0765526640097879;0.0901069827039233;0.0866803594795751;0.0857508506606716;0.0966808511268331;0.105149807535583;0.12648377804804
Kazakhstan;KAZ;Personal remittances, received (% of GDP);0.451556685268236;0.136856101332743;0.132966722215831;0.108574815738916;0.103192446831978;0.136377234008485;0.0941014656535349;0.17188747253922;0.152354119782253;0.0932936660895134;0.136051344243071;0.144275547930534;0.181279445291607;0.159592289081921;0.27984417174788;0.33597213131325;0.344618856879696;0.278573150811193;0.218836862121885;0.157213071084417;0.213219830288597
Kenya;KEN;Personal remittances, received (% of GDP);0.434625977212833;0.441780787060586;2.33490812923558;2.26808312406335;2.20889819234971;2.01891210593496;1.85907364130394;1.49115081057576;1.51029178105058;1.99308663050858;2.14732659744178;2.1148804409277;2.11002334799742;2.23796042279418;2.33193318571891;2.39195095634137;2.95041012979609;2.82749196207078;3.08763090265523;3.43661248510652;3.57935982063441
Kyrgyz Republic;KGZ;Personal remittances, received (% of GDP);1.88667073714928;3.66479861905155;8.09652452257376;12.7324731237381;16.6917334209106;18.513914681679;23.7992695009347;20.9371247573683;26.4100938758912;27.5695150811653;30.7544325527209;31.0564092290657;30.0320907271748;25.2718946040713;29.2760903334236;32.2705172692664;32.5055687336898;28.7859049850987;31.8069826721848;32.5635356064056;27.9381322989025
Cambodia;KHM;Personal remittances, received (% of GDP);2.87112937045352;2.75210829841976;2.76142009596932;2.60128395362406;2.5252262449993;2.15065315821757;1.8152971206884;1.36719406482498;4.95857083419977;4.75971606029976;6.08379232016524;6.58869843534932;6.60449508240671;6.56772096987152;5.99103048165295;5.80468081086794;5.82500073645131;9.79864667105311;10.0018458231888;9.41657723892626;8.86640135280416
Kiribati;KIR;Personal remittances, received (% of GDP);;;;0;11.7838994040979;10.5074107151088;10.1900100644576;10.6082659149548;10.0768937710832;9.42623082821812;9.30364969035593;9.34961151480239;9.2096457377694;8.24937106177513;9.12842212037949;9.52555093778153;10.1669167989299;11.4596440387691;8.40092885429277;5.8689842442891;12.6970272575649
St. Kitts and Nevis;KNA;Personal remittances, received (% of GDP);5.27702131611192;5.70592102684278;5.61202151056167;2.58460983299066;2.31789838744379;2.26819833912125;2.12893943668545;2.10816335893396;2.26941122778066;2.13355695950922;2.28927809394053;2.34781628707294;2.27324690408191;2.54990750383711;2.23891464808959;2.34213289314045;2.41019186084622;3.81493230310185;3.57081327142613;4.31659740608303;3.8900128983539
Korea, Rep.;KOR;Personal remittances, received (% of GDP);0.818624966322022;0.836071694880966;0.748283266050166;0.556251368135161;0.460446462117449;0.439607545156738;0.666269463074735;0.635579388005635;0.511833704568659;0.526789684462336;0.515560256447522;0.472438662361107;0.442812449113968;0.440909162803425;0.434999517629917;0.402101152636092;0.412959861334935;0.433934872720841;0.452152404076371;0.425767889310083;0.467436705760487
Kuwait;KWT;Personal remittances, received (% of GDP);;;;0;0;0;0;0;0.00416587799376404;0.00365749100031255;0.00150180955016286;0.00242551416966219;0.00236059694645202;0.0299041951342228;0.00364926123134099;0.0190175282150975;0.0200549062536723;0.0188707175192136;0.0212531614629008;0.587152360264443;0.0126029066466803
Latin America & Caribbean (excluding high income);LAC;Personal remittances, received (% of GDP);1.5822649754907;2.02387237253318;2.08680146605615;1.98926690817826;2.01131703001056;1.82195267148652;1.60069497654819;1.5156393043864;1.23684645355563;1.12299092691823;1.13423930353592;1.13120915794763;1.17650294199489;1.48757803845636;1.64375928298972;1.63502208667534;1.85106558980912;2.03198837294135;2.59663116568198;2.8516262628532;2.76059345053898
Lao PDR;LAO;Personal remittances, received (% of GDP);0.0414806867514393;0.0378470666761676;0.0339781111904145;0.0303411507660253;0.122639491543296;0.146898158372719;0.326353047271199;0.643856163985993;0.585748045037803;1.26053096297325;1.9914819753511;1.4222913710139;1.4161060392549;1.31157156552641;1.19002010449783;1.42174608203444;1.32225849757282;1.5822183206591;1.22309841704944;1.17290456885725;1.54993514268783
Lebanon;LBN;Personal remittances, received (% of GDP);13.2854000035069;23.6170833667187;26.4247709642857;22.9066080604881;23.6221508847015;23.2374330512925;24.659537374231;21.3509251479102;17.9847875959222;17.2252495411949;15.156125951893;16.1403001328547;14.9511646268716;14.9828084463078;14.870244060714;13.3172963119566;12.7099619118303;14.2830959782727;20.7914353641318;27.4664457617228;
Liberia;LBR;Personal remittances, received (% of GDP);;;6.51581673427334;3.35668658041069;7.04333711165699;4.51399694769725;3.36745258262016;1.4206393854037;14.7263244324324;21.8099460979983;19.5880361459357;12.9909340338602;15.8727682831254;20.2791796758905;17.0705157019163;11.8994740948141;13.4372679004895;10.4303065620884;11.0388530990775;15.1242120463146;17.2389604063649
Libya;LBY;Personal remittances, received (% of GDP);0.0341765339074273;0.0304580606781678;0.0301911330964491;0.0316892274728735;0.0266248440193012;;;;;;;;;;;;;;;;
St. Lucia;LCA;Personal remittances, received (% of GDP);2.72907901234568;2.54346136534133;2.46715277777778;2.56467261747151;2.3737717626324;2.31788713444602;2.17512202591938;2.16299993159892;2.11150736757089;2.02905688740468;2.01371018543667;1.9650942258625;2.01396397141742;2.24104063402313;2.05796713962472;2.09659832851679;2.08646353915521;2.05548412526683;3.51431209643025;3.22560292009248;2.64494691122467
Latin America & Caribbean;LCN;Personal remittances, received (% of GDP);1.43678315387959;1.85126334656266;1.87942077844501;1.77565175698228;1.78254015665082;1.61695431311064;1.40894424681353;1.3237914263432;1.08941072822133;1.01744878727522;1.01123202109145;1.00948438510918;1.03719804370553;1.39623109364622;1.53139378933021;1.52319104249457;1.70832166346617;1.87866656662663;2.38298233052174;2.60266996983968;2.53871347558344
Least developed countries: UN classification;LDC;Personal remittances, received (% of GDP);4.59951852682386;4.54993466549476;4.49684943098454;3.42628185374048;3.46317949059517;3.43495418496036;3.58638861555806;3.74664962064471;3.7669042012626;3.69350746165351;4.13996935751116;4.10954242477187;4.1251555627377;4.4454504656706;4.02003314911783;3.7694104894587;4.5666544274488;4.76148235743148;5.00136708417807;4.75001970964304;4.34787363298877
Low income;LIC;Personal remittances, received (% of GDP);2.01244340041552;2.38617812742911;2.19732920521725;1.45316711580017;1.37670154505472;1.41039229895929;1.4726974088105;1.34892910823753;1.516856247276;2.27523733358767;2.81997924564434;2.72520628732428;2.72502662538529;2.80382233520725;2.52172149113964;2.45759750321652;3.85791101620274;3.82980416042393;3.6557358152967;3.6577605325214;3.42929890340125
Liechtenstein;LIE;Personal remittances, received (% of GDP);;;;;;;;;;;;;;;;;;;;;
Sri Lanka;LKA;Personal remittances, received (% of GDP);7.83761500994067;7.53886073171107;7.61659055853601;8.09453787576719;7.66189936159841;7.75048375552437;7.18306352381559;7.93201688989892;7.03171886415662;7.60555015556002;8.51637948114988;8.34043948759136;8.52593165476172;8.22134476036817;8.25095241609345;7.61875677909678;7.45343529997525;7.58153534370033;8.45614719008348;6.23600917849576;5.13332005107802
Lower middle income;LMC;Personal remittances, received (% of GDP);3.80035714692715;4.06245257578826;3.76578979345733;4.56324937718474;4.63363362521287;4.62591918490837;5.03292949343004;4.93952789979415;4.61689363959458;4.72134639472876;4.89911366457477;4.87671875310203;4.81432982604369;4.8654990436401;4.56154953770697;4.64858119130288;4.81282251125343;4.8299204810801;5.04012248170844;4.901192255974;4.91562908112168
Low & middle income;LMY;Personal remittances, received (% of GDP);1.61731941819177;1.78829349683246;1.7215838329229;1.77970135814526;1.76504863567509;1.72707098987537;1.68383461556622;1.66158908871941;1.50903196715442;1.44272903072453;1.45382005932783;1.42883727768642;1.48764301659072;1.57085478184581;1.52009756524624;1.51917798770233;1.5470546968962;1.57198643005304;1.63970266727644;1.57882670874597;1.60948118410179
Lesotho;LSO;Personal remittances, received (% of GDP);50.101890981185;48.0957652223959;41.4994640395282;35.6263549550154;34.1017354789966;37.9370944721986;32.5914510907795;31.4738465549698;27.3018304256905;25.1737818560694;22.3819610110588;19.5561724590359;16.6396844790547;14.7402846943756;21.36152395107;23.7201601493962;22.3968137416116;22.3988036061372;21.7566755484713;20.2006891985169;23.8373916009618
Late-demographic dividend;LTE;Personal remittances, received (% of GDP);0.757099689577352;0.901215316197372;0.977970485487238;0.86417075862962;0.845621713762069;0.878139163110611;0.812987180968868;0.78190004424863;0.690677894608772;0.630264257329327;0.589579455044051;0.610976511710797;0.66614869922954;0.683753652460537;0.649252241399052;0.630047772461818;0.582017851358256;0.565271387882254;0.573013582031107;0.547170491017316;0.507486422821452
Lithuania;LTU;Personal remittances, received (% of GDP);0.766127083875963;0.611413597031726;2.55217176463101;2.85569983182435;3.29453365313778;3.61000357864107;3.2748735138898;3.3161446811817;4.5063799642548;4.49158879375015;3.51099868178959;4.42766971480535;4.3541759922791;3.3131404413504;2.97331562022134;2.72736097599688;2.58035734310296;2.37908273060616;1.38783516278781;1.16480511839269;1.03691842182118
Luxembourg;LUX;Personal remittances, received (% of GDP);3.49925484636061;3.52901322128954;3.35988893500223;3.15565430458543;3.01452149637551;2.86755006833192;2.82379044022832;3.07758383068828;2.97003772066988;2.93473141615967;2.87387494305594;2.94706008537871;2.74412735926205;2.78872358660714;2.79646909909197;2.90286504371154;2.93363566431266;3.00327502530917;3.16612320818796;2.83390838608001;2.7226554461747
Latvia;LVA;Personal remittances, received (% of GDP);1.17776942050957;1.33794925867288;1.51406708721341;2.22927387051783;2.22590796140437;1.77265760615556;5.35620709880618;6.00759757483803;5.2486120606374;5.48035420048168;5.31984513849888;5.31188089121253;4.94945600978092;4.89954994995809;4.39739064597719;4.17974751466698;3.59391349807128;3.33847643163213;3.16464349008256;3.3400106324802;3.1617444904899
Macao SAR, China;MAC;Personal remittances, received (% of GDP);0.632421452988761;0.578922690436769;0.501112641488186;0.437088766766856;0.372897298431962;0.294934252484092;0.245393391593713;0.224116577957084;0.165901292591897;0.131066642990219;0.108607007932518;0.0944165654918057;0.0671455352803546;0.0877451650088857;0.0612117700455231;0.068581083416382;0.0763104066401309;0.0998549226696974;0.259509843780465;0.238623681592508;0.346779782870145
St. Martin (French part);MAF;Personal remittances, received (% of GDP);;;;;;;;;;;;;;;;;;;;;
Morocco;MAR;Personal remittances, received (% of GDP);6.11156372569397;6.22773774912632;6.38416480969727;6.66528634990451;7.18383815903753;7.74080962542177;6.77086122930319;6.19753894558596;6.36744217640963;6.59181438537164;6.08571534011657;5.94586343171536;6.53793335615208;6.25242691349561;5.72134559064724;5.7558369461732;5.43376597358728;5.40068574715695;6.10953091862088;7.69034590905273;8.53101692069062
Monaco;MCO;Personal remittances, received (% of GDP);;;;;;;;;;;;;;;;;;;;;
Moldova;MDA;Personal remittances, received (% of GDP);19.4118710536305;24.434256316304;26.9939428415335;30.621653152555;34.4991746381553;33.8832385938611;31.1820776721655;24.8619604986136;25.1302427320706;21.5478268033462;22.8086850294921;23.0768148398865;22.0846471865597;19.7484376422284;18.3805706351981;17.2062281062446;16.3317438464476;16.2742559353327;16.2731982897885;15.4783404692861;14.0459966049287
Madagascar;MDG;Personal remittances, received (% of GDP);0.547930321763217;0.254712444537611;0.227191740394398;1.73524962255785;2.34938936423747;2.98533741548861;2.92762619175283;2.95024263661521;4.56614970399174;2.90010801801539;2.85427352743637;2.8796453014515;2.75045448970285;2.88654900506232;2.52522893999761;2.6014634175573;3.09230520731333;2.89036438291828;3.79541630464955;3.02109160558222;2.51869944830418
Maldives;MDV;Personal remittances, received (% of GDP);0.224316836230622;0.191251007531669;0.236389174435674;0.194028097641342;0.177755161572692;0.424653767873152;0.275819859859978;0.192329390566029;0.122062734877394;0.108044719756482;0.109051872687478;0.100296734956744;0.0938516279211604;0.0882315685146103;0.0867517790608072;0.0834018554209492;0.078045331389066;0.077342942801432;0.125253488076171;0.0929260501382435;0.08308392430557
Middle East & North Africa;MEA;Personal remittances, received (% of GDP);;;;1.81834082138477;1.69112631862014;1.83215446635693;1.64122122669476;1.6989358703075;1.73692298923675;1.7064322188304;1.8611225689158;1.83713638864735;2.02208633186316;2.14801711028007;2.13466034228482;2.35387955132622;2.14540784990894;2.17226400546511;2.45954786606955;2.41650691881598;1.77107086814819
Mexico;MEX;Personal remittances, received (% of GDP);1.36054139619705;2.17538855849346;2.42376280545687;2.4784806590438;2.60156038146349;2.43840229608555;2.24195356271923;2.33992574840718;1.99744662521461;1.90768096896644;1.84913205503599;1.74688699739362;1.81765782689025;2.16214385749711;2.57958040942768;2.71016424332264;2.84712341138499;2.98968867399645;3.82588576467768;4.12403249891506;4.16821661368367
Marshall Islands;MHL;Personal remittances, received (% of GDP);;;;17.2470052511629;18.2095798835274;16.7758454158576;15.8011834557127;15.6591314958427;13.8567498739621;12.9076445362406;12.9196824334468;13.239715156074;14.0849710166376;14.9401269362991;14.1194667639849;14.3158820918735;14.3326106224324;13.987290520211;13.8940369658839;13.3638764179164;3.22676840397372
Middle income;MIC;Personal remittances, received (% of GDP);1.60623009849654;1.77203863498678;1.7087118054732;1.78962649356271;1.77654457582975;1.73625996195042;1.69016573587762;1.67145283912392;1.50880479416528;1.43041683064838;1.43480673878458;1.41020348937421;1.46904819091073;1.55111029217143;1.50427046264015;1.504313245797;1.51872949588217;1.5433015213341;1.61288180530991;1.5537454140815;1.58658934075117
North Macedonia;MKD;Personal remittances, received (% of GDP);2.63546719406535;3.51093915460178;3.74844506352325;3.62011272498295;3.88496700524605;4.13856246299811;4.10337352455869;4.05407607208463;4.1237815809334;4.13663540983114;4.0445665010196;3.47641490650473;3.37391619075494;3.24805956186578;2.96358125846698;3.05064858884042;2.9897334744603;2.81306965894506;3.80216513882339;3.49786683524646;3.36618096440333
Mali;MLI;Personal remittances, received (% of GDP);3.52224718458024;3.26254995857553;2.85031882661154;2.83723253139691;3.07026065817902;4.22212209179221;4.39843114159664;4.45238785998364;4.42697486007117;6.04177481843229;6.65017410260352;6.75665830039343;6.41485998695999;6.23384144195504;5.89790162613388;5.76247037996693;5.99016767240534;5.62318768875907;5.70921649016446;5.85960650474646;5.61382029614341
Malta;MLT;Personal remittances, received (% of GDP);0.474262367190695;0.47343679733853;5.23474432848294;3.46128759201416;3.08034805387324;2.89307194782983;2.90924721948398;2.98863790895462;2.54062420177819;2.35637830036287;2.11491410617032;2.3303737758415;2.17429165439651;2.47397259966929;2.15485414045955;1.99891989030955;1.80086717307397;1.53381479257083;1.70042066970349;1.48989872977443;1.24682722091555
Myanmar;MMR;Personal remittances, received (% of GDP);1.55490351734458;0.806451177751383;1.10314384484614;1.08024714977045;0.794123341029334;0.401383120417866;0.171813031669403;0.147595958689949;0.23183884466077;0.2118733685308;0.458168429749837;2.72754382580363;2.76208207672047;3.23975776162569;3.5666756495343;3.71336919605772;3.93996273285845;3.40098637689154;3.37977190891003;1.93486393623859;2.02498365202819
Middle East & North Africa (excluding high income);MNA;Personal remittances, received (% of GDP);3.16204106873756;3.63428521880827;3.53302794168294;3.73671442664906;3.46905734513311;;;;;;;;;4.9953838038827;;;5.64446383002759;5.52851938268978;6.02202842529628;6.13141662675673;4.79583629832746
Montenegro;MNE;Personal remittances, received (% of GDP);;;;0;0;5.33660569154362;6.55797581463759;7.2887946089;10.0402778808882;11.2139016165396;12.4158449737173;12.2108426306693;11.8278524397272;11.58485628753;10.985875158326;10.7687964708388;10.6939189858506;10.5433022273105;12.59336726269;13.515629184067;13.3253872207854
Mongolia;MNG;Personal remittances, received (% of GDP);4.91894868729657;4.97433577572138;10.1657238878555;7.01210601990436;4.54567633520102;4.2037712502324;3.99407070425828;4.35482570972523;3.70322313329865;2.39815062443905;2.63436473976604;2.043651376089;2.08662757904284;2.24538022008168;2.3241947000485;2.38105237776488;3.34307917505256;3.9484460422474;4.12254263505693;3.08222219088585;2.32831929953888
Northern Mariana Islands;MNP;Personal remittances, received (% of GDP);;;;;;;;;;;;;;;;;;;;;
Mozambique;MOZ;Personal remittances, received (% of GDP);0.883159968441402;1.05533524175327;0.724665044061842;0.664056524817824;0.841575985716836;0.919264118407283;0.895827535951637;0.906117225585617;1.0145312177468;0.886977810467321;1.04330197369737;0.886209740872929;0.864739312511659;0.88148104076383;0.77365393280182;1.94454398991483;1.97151978467094;1.9311044916031;2.45032321464176;2.80783326642984;1.64650585908794
Mauritania;MRT;Personal remittances, received (% of GDP);;;;0;0;0;0;0;0;0;0;0;0;0;0;1.1348341707826;0.808074504878456;0.816476672490999;2.04176529806242;0.142859017328482;1.11738156207051
Mauritius;MUS;Personal remittances, received (% of GDP);0.0130952424286878;0.00986346580190875;0.0110917726461521;0.00938848214632883;0.0103687626250175;0.00863290800288596;0.00634318121280799;0.00723490314435844;0.00814060092984648;0.0045057826082381;0.00738679429673863;0.00449752920960206;2.50141313448645;1.8620168404955;1.54092610361661;1.82479325522624;1.66005910828261;2.20631761395515;2.49584188009498;2.37257143189208;2.11478749120969
Malawi;MWI;Personal remittances, received (% of GDP);0.0165842170746753;0.297918340748836;0.362166583672763;0.42349895908867;0.254198463291579;0.325729921182152;0.215329557317457;0.184871445378401;0.214918734325808;0.21737568620535;0.322610777596229;0.424976861484475;0.437288296128809;0.450068792762419;0.493726697738343;0.881981316150616;1.83253991331907;2.5478793485333;1.92143973455302;2.52838615092348;2.00792858979204
Malaysia;MYS;Personal remittances, received (% of GDP);0.431352798574161;0.518185443526144;0.642783009315513;0.778191510217667;0.839300079361867;0.804050512417782;0.575824944244283;0.559125184834752;0.432489840716057;0.406608260024417;0.411459483093055;0.44029535596501;0.467221522754601;0.545442877050346;0.532410432040043;0.516733919100736;0.469796796132669;0.437418180236884;0.422776119475251;0.415248787020191;0.397903395367948
North America;NAC;Personal remittances, received (% of GDP);0.0445288615085425;0.0432666691008632;0.0419941992053717;0.0402939154895237;0.0484524407421126;0.0491956688641231;0.0493219662861121;0.052224799414846;0.0503244921086917;0.0488904924071706;0.0483637179209935;0.0490709257593345;0.0474619708754073;0.0470310099468241;0.0448110021149092;0.0431591324546343;0.0434900392976239;0.0428322597543971;0.0405884562018162;0.0380506617060815;0.0365624776693416
Namibia;NAM;Personal remittances, received (% of GDP);0.225582543371841;0.239344302521286;0.220820198670774;0.241414593263616;0.205489003333694;0.177408521202209;0.157577971688969;0.855941185378758;0.605413370462775;0.628866326887552;0.614279588491176;0.53227102387187;0.6491285690274;0.411760300594442;0.620025634704715;0.374500766867125;0.392271725448539;0.522993886557342;0.604954688805007;0.373471272803725;0.416866498871661
New Caledonia;NCL;Personal remittances, received (% of GDP);8.89599574877045;9.12316465268614;8.35805599940155;8.21066234480231;7.69520573410201;5.56905936787811;6.00182183730623;5.85161275849051;5.2523079842033;5.74063174172788;7.40239377198412;7.13433130886502;6.7780448798543;7.01401389275359;7.11853753522601;6.76976695208311;6.27563126516091;6.5542877465062;6.56886362335795;6.16661854240273;6.45371658177669
Niger;NER;Personal remittances, received (% of GDP);0.684906665837506;0.752456151803858;1.59075150250542;1.51475029739711;1.64364376885459;1.38629568386154;1.28953860871016;1.38906121063802;1.71214178532665;1.8939147487217;1.61064789373358;1.42702887703922;2.01676728880396;1.77187725324222;1.69605969970396;2.36065101982561;2.31105751804503;2.39466665345549;3.79015553086653;2.36896521894775;4.72707365486422
Nigeria;NGA;Personal remittances, received (% of GDP);1.27186423864257;1.01473305380443;1.67402423263252;8.33382866137298;7.10077133215677;6.47393659368402;5.65576312074648;6.22720227712386;5.3801827353032;4.97428952755572;4.42762234112029;3.99853624231869;3.65720630538804;4.18355590955889;4.86790574219487;5.86487483704888;5.76446757768372;5.01757719113297;3.98139545861547;4.41961859185555;4.25868950983845
Nicaragua;NIC;Personal remittances, received (% of GDP);7.2068271093779;8.24431594280026;8.95166757910236;9.74004769903941;10.3128319645231;9.96313620854326;9.64934662422085;9.28213599258259;9.41700968987399;9.34694180434525;9.6496572980689;9.84521957544286;9.59729243230449;9.38723462210999;9.54456068652846;10.1168406422468;11.5529585821484;13.2797554926845;14.6314579427876;15.1980643079845;20.5926855406441
Netherlands;NLD;Personal remittances, received (% of GDP);0.102164314441479;0.193195417363177;0.197193399872629;0.18366433477099;0.211543907039227;0.192111750844296;0.17324838577442;0.196568463503381;0.202984696660457;0.19759115351814;0.195506509130508;0.184527574955517;0.166183473503876;0.300179335903551;0.275473074564631;0.267006934413992;0.26805026004726;0.245450501198432;0.233721262733556;0.223730201639524;0.234833831636277
Norway;NOR;Personal remittances, received (% of GDP);0.169785388882621;0.170760852986322;0.175283599088909;0.163004303533648;0.152438739947821;0.153157043786452;0.147331703367379;0.162760227235558;0.157746933840712;0.15258364272816;0.149485933231739;0.150463103213121;0.151463493898525;0.156879435657257;0.160011611284471;0.153275358377446;0.146512913796304;0.150642925478894;0.160215794441589;0.133458167667194;0.106093255521918
Nepal;NPL;Personal remittances, received (% of GDP);11.2130196297909;12.1803238824978;11.3089899806632;14.9051012970588;16.068964678864;16.791813479682;21.738103967963;23.2076254422304;21.6469852746313;19.5463009890025;22.0821266776833;25.1947047517244;25.9051137269879;27.6260849440066;26.9605652689539;23.9135443889512;25.0264204693056;24.1163701286184;24.2502461586128;22.2775786066436;22.7608933234919
Nauru;NRU;Personal remittances, received (% of GDP);;;;;;;;;0.447550893869389;1.8927552377564;8.29129656958174;11.3250972588489;11.9544890491642;12.2791161139131;12.0356588960914;9.46109680993042;4.98915001339508;;;;
New Zealand;NZL;Personal remittances, received (% of GDP);0.348986547383054;0.329079904299827;0.310160752317534;0.306865010711201;0.300060878655252;0.279652917346802;0.316501681541;0.272745809733975;0.252872756589708;0.270552429653138;0.262068735061162;0.240556988712934;0.265807115496979;0.298620073871785;0.279642597749461;0.260748675806191;0.240200260884496;0.222406135291662;0.201574607622792;0.258834150699735;0.232708679849635
OECD members;OED;Personal remittances, received (% of GDP);0.237747073586166;0.260363507602606;0.26977704040709;0.279302972221893;0.297250467621533;0.309673051109277;0.323305553382011;0.321448977696797;0.305253434413247;0.311207029496833;0.307824657046266;0.323747822604474;0.330354803420554;0.333591979209247;0.331302356870934;0.338686565700432;0.341617085650996;0.351201106448975;0.359750332067964;0.364424153967544;0.368772827157877
Oman;OMN;Personal remittances, received (% of GDP);0.193676095864864;0.180328324501734;0.157535760932803;0.125512238455715;0.104825705146969;0.0926965706792441;0.0640528916325636;0.0806220765024174;0.0600240096038415;0.0503392867929847;0.0446313008238938;0.0433771731963771;0.0420842358063901;0.0495633469136904;0.0519264721154845;0.0482479558949352;0.0426330150068213;0.0443008440787492;0.0513924556299979;0.0442349799528398;0.0340216286834083
Other small states;OSS;Personal remittances, received (% of GDP);;;;1.0261672123814;0.952282425538545;0.910595069153287;1.06494891061849;1.09702749580436;1.10401874582167;1.0966035539615;1.05476184099954;0.902765192498673;0.963683570793239;1.02206537158794;1.06547732407657;1.16521261168125;1.08861507185774;1.15401721999359;1.38282304680133;1.36336153448803;1.15216067639452
Pakistan;PAK;Personal remittances, received (% of GDP);3.62937104656209;3.52757185317913;2.98375276643631;2.94748457854817;3.16362276382615;3.25728883548923;3.48114218915231;4.65309230234024;4.92604271661375;5.31817590756805;5.60040378648877;5.65574753329438;6.35394444445627;6.43611445161773;6.31922966290135;5.85367806811606;5.95094743448361;6.9340427404279;8.68401332889248;8.98436279286431;8.05343263904036
Panama;PAN;Personal remittances, received (% of GDP);0.651054172139831;0.779904678122386;0.725352903003858;0.791479677302743;1.65640793425905;1.66838966756934;1.50263028275614;1.24277954304921;1.39264943865562;1.06151651680347;1.01633205292149;1.01184432422001;1.51518186589318;1.02455455355525;0.867792193438869;0.857448149356861;0.799292393389114;0.83310278146555;0.677105623292994;0.840717091130093;0.687899992221635
Peru;PER;Personal remittances, received (% of GDP);1.28772179077061;1.47877535639654;1.6964738424159;1.89331588408079;2.0729107456208;2.08553802579696;2.02706961928358;1.99357606247792;1.71758394083601;1.57017608748453;1.44716031623881;1.34571347079517;1.31310777395905;1.43573230893276;1.5028217993367;1.44603009584977;1.44869603528148;1.45665575684314;1.43801939028347;1.61257846674559;1.52806006066532
Philippines;PHL;Personal remittances, received (% of GDP);11.5470364978462;11.7636795721571;12.0713248541975;12.7839886627031;12.1392347971869;10.538140162174;10.3789187625683;11.3422561884615;10.3454184113586;9.84286049501407;9.39585704939642;9.41055797245144;9.64449879027565;9.72419552550818;9.77380233969238;9.98833927178082;9.74765976062695;9.33261353267182;9.64277376552081;9.30892916295651;9.4113775892439
Palau;PLW;Personal remittances, received (% of GDP);;;;0.774458511181914;0.801624680843986;0.768986504309698;0.809263649855167;0.848177576788657;0.906439806941638;0.999066866196263;1.11124345379892;1.06727755620681;0.917885664039495;0.810722636877258;0.791820315119008;0.829481792717087;0.803683897762935;0.838385947459906;0.882560778600082;0.808061671056347;
Papua New Guinea;PNG;Personal remittances, received (% of GDP);0.187439695151945;0.196003171842016;0.242583738639502;0.140704343406116;0.052808597946613;0.0798576969096625;0.0629812087975817;0.0407470293052527;0.0245721974921493;0.0683883884659122;0.0669373060115168;0.0671683507848505;0.0451259943812568;0.0181580287384093;0.0129789270791316;0.0187414719192621;0.015126137245558;0.118572139173949;0.00963228834169667;0.0455761855200981;0.0094925837323663
Poland;POL;Personal remittances, received (% of GDP);0.84643401923631;1.04853052344798;1.85177017118373;2.37893074303656;2.7748868280422;2.79124024848675;2.30903393760438;2.32278058985806;1.62120136534;1.48138490577939;1.42176212158322;1.44582203884853;1.38532192229347;1.43257981363058;1.43886098316743;1.39238014638719;1.29131457032899;1.18495085956167;1.12220885530095;1.04675136745628;0.934859204599157
Pre-demographic dividend;PRE;Personal remittances, received (% of GDP);1.66089915342822;1.61412296743826;1.95419960662681;3.79941173751139;3.44799823157238;3.07657157291746;2.74086031642704;2.87716342769835;2.70557334704099;2.52574277801791;2.33436004289808;2.21607152103973;2.12495791346641;2.53312003074688;2.61568381088361;2.77068781575539;3.13771848803786;3.0297867776032;2.7600089271763;2.90407432315821;2.75833544337943
Puerto Rico;PRI;Personal remittances, received (% of GDP);;;;;;;;;;;;;;;;;;;;;
Korea, Dem. People's Rep.;PRK;Personal remittances, received (% of GDP);;;;;;;;;;;;;;;;;;;;;
Portugal;PRT;Personal remittances, received (% of GDP);0.229264027668068;0.232415662279552;0.203413778668692;0.195990180782017;0.210833699872359;0.253622723519439;0.24330950124057;0.244490225163202;0.217080374007707;0.220113782417426;0.213291463810188;0.197174029271836;0.190281475931156;0.185172422368905;0.205728694312382;0.221549657452203;0.22493006695022;0.257348148433576;0.315805070262731;0.303898775858143;0.382455132582275
Paraguay;PRY;Personal remittances, received (% of GDP);1.3715456499774;1.4236740138903;1.3715082491051;1.50221184795487;2.5019676839783;1.90848171580223;1.4731913743804;1.68775418813293;1.50356446194434;1.60168910920421;1.90581120158975;1.61886190670116;1.25474487879368;1.52890986973172;1.82007164354988;1.8054641700678;1.69760684833151;1.75605627223085;1.64741492260653;1.46525872284681;1.41959296553144
West Bank and Gaza;PSE;Personal remittances, received (% of GDP);21.704682984936;7.81446493024065;8.65847782987104;7.38118186515537;8.67670695215829;10.2918552057481;10.1324738114759;9.34038992133322;9.5764022790779;10.2065334289725;14.228314544803;11.0194652216269;12.899078926201;13.0071577445967;13.5444465935531;14.7502693254891;17.4109629066019;18.4017265263276;16.4802362028662;20.7657096918972;21.1861652304427
Pacific island small states;PSS;Personal remittances, received (% of GDP);7.54078404908005;6.69543234564328;6.12708562659615;7.36553379814383;7.60593616233212;6.8401570979562;6.34311982136519;7.64640778582461;7.17429044600911;6.58614770333867;7.05704133057079;7.22391823637702;6.7123467544123;7.1909104970464;6.98880880555407;7.37251997412136;7.44677608783364;8.29260447194841;10.0085215909643;12.7126391651464;11.4544710775392
Post-demographic dividend;PST;Personal remittances, received (% of GDP);0.203625766513913;0.21624001976791;0.217337849944911;0.212951670256871;0.21894212709165;0.238393352633043;0.259301614962712;0.265388099037605;0.259807438106875;0.27112355276358;0.269791247728602;0.290821519987347;0.291431370588492;0.28974899421001;0.286208711914851;0.295728738702872;0.299324153663321;0.306755926202724;0.304256960447473;0.300952880723627;0.295030265828646
French Polynesia;PYF;Personal remittances, received (% of GDP);10.288427073739;10.3194878548405;10.7539713396567;9.76801976925712;10.5794828802556;10.3867536118721;10.6919068927732;11.0524844463055;10.6912928665548;11.6437140301604;11.1277590967902;11.135165457296;10.7301416028289;10.5950045588165;10.5795203766787;9.96956852779882;9.47920251487913;9.65681538401911;10.0398012747357;9.45527673639694;10.0016161437945
Qatar;QAT;Personal remittances, received (% of GDP);;;;0;0;0;0;0;0;0.34190162729157;0.42995324346997;0.289036590893845;0.241788019993972;0.270241147605629;0.249499759319641;0.413369146110461;0.254743003069051;0.32695141289391;0.45124451189505;0.477817619086458;0.436637948463358
Romania;ROU;Personal remittances, received (% of GDP);0.310427525177069;0.214509178939295;0.17472803848815;0.966725235612913;0.951015102240038;0.930347519900961;0.794306662216191;0.391990005008742;0.377221097741738;0.36036731389994;0.409315455512969;2.53216240583431;2.54540409880765;3.03086306782177;3.20031747794971;3.11955623922627;2.87033539324251;3.24360637227119;3.03375831932722;3.1894496777134;2.92037946249269
Russian Federation;RUS;Personal remittances, received (% of GDP);0.270929070680024;0.258790908871147;0.373382010119783;0.449802113997943;0.385923449755519;0.359030354019774;0.34542413264832;0.417541988221401;0.344282408841521;0.298313804363493;0.262090607919179;0.294477562161684;0.377640974141187;0.506305846173427;0.523867598943551;0.523123068702963;0.560375837837153;0.616170784814508;0.66406336325159;0.52517619997487;0.147315522267107
Rwanda;RWA;Personal remittances, received (% of GDP);0.366713683086513;0.449805945031214;0.412757682649498;0;0;0;0;0;1.73825492278142;2.52999304635336;2.38264382429736;2.17625684888659;2.22814129427523;1.86315979297264;1.98384839110985;2.32677244606758;2.70345309249776;2.51983437995175;2.75325184123405;3.53893696142878;3.56201104886291
South Asia;SAS;Personal remittances, received (% of GDP);3.49087212066134;3.76336980437753;3.06513121379825;3.15219650384042;3.48221049218579;3.51763470791336;4.59784352189388;4.39978758241173;3.9379320484222;4.20214925161675;4.63866011750189;4.6379504056775;4.42932044411788;4.30280377419734;3.6759030758838;3.41628904953427;3.72784074292884;3.82237531486771;4.21542133403624;3.86523570289763;4.02521745767883
Saudi Arabia;SAU;Personal remittances, received (% of GDP);;;;0.0285778336371896;0.0280180318317121;0.0296820142134778;0.0415906162158672;0.0499652877257714;0.0447703014816684;0.0360214126679161;0.0331495592089026;0.0356527357169971;0.0356511713963616;0.0441286470960799;0.0476519405397476;0.0406699521041056;0.0395607227416567;0.0398334596273962;0.0411636843087008;0.0337370309912727;0.0258909105408969
Sudan;SDN;Personal remittances, received (% of GDP);5.39054462793254;5.72972558690793;5.26514155309879;2.00038128356386;1.76924651120825;1.68187819520526;2.45341731335629;2.39112946543023;1.96293286095263;1.05126422840552;0.942846000552629;0.938263854223848;0.659418038506864;0.178140382555137;0.149024903859266;0.164152280866816;1.3150777470696;1.61517721904827;1.8323008553696;3.26916579497202;2.90237295939585
Senegal;SEN;Personal remittances, received (% of GDP);4.94009386830665;5.83985035446419;6.29198352828336;7.16810194584696;7.91649262318439;8.52763606097836;8.79367495093011;8.39740817469459;9.17493229577627;9.07151792128535;8.92495688291066;9.3975818499907;9.75703421992328;9.88904378802765;10.4020429653907;10.2345864455545;10.5012036444705;10.7915365396284;10.6291398745498;11.2321705767496;10.8618185909007
Singapore;SGP;Personal remittances, received (% of GDP);;;;0;0;0;0;0;0;0;0;0;0;0;0;0;0;0;0;0;0
Solomon Islands;SLB;Personal remittances, received (% of GDP);0.930936716138631;0.929236681841246;1.85820322651932;1.29550403608252;1.74022043940512;1.8169152232847;1.17752362976311;1.55351496736019;1.58981064445733;1.59121955715753;1.74846307900726;1.60510064077883;1.22307850600377;1.4211904813849;1.47030535587942;1.11095946491188;1.2317724461689;1.57329770665915;1.79077037828746;3.22923179618277;5.08043319987524
Sierra Leone;SLE;Personal remittances, received (% of GDP);1.7646677624691;1.8901605555205;1.72804777784052;0.149663034427049;0.838956151907073;1.97368035581457;0.920862880662133;1.48390996458244;1.71512193306402;2.00566557699832;1.70308250259113;1.41576908379274;1.2448226292938;1.13272253287353;1.50749851604633;1.70877422644125;1.79206302866579;4.35397266449149;4.35727432275109;5.46804502724921;7.85442998589325
El Salvador;SLV;Personal remittances, received (% of GDP);15.4182774717149;16.0171947035328;18.6742099302803;20.6055245611648;21.7670246482945;21.8028715446677;20.8749261267512;19.3296980618829;18.8196648675298;17.96484307191;18.3017912730119;18.0368594542296;18.4140727443948;18.2378057227401;18.8561820072362;20.0020638968604;20.720840026323;21.0435800685611;23.7917924395339;25.3845272432932;23.678424004306
San Marino;SMR;Personal remittances, received (% of GDP);;;;0;0;0;0;0;0;0;0;0;0;0;0;1.08594595240796;1.12987941849547;1.07582861963868;1.14575525694393;1.13405454434882;
Somalia;SOM;Personal remittances, received (% of GDP);;;;;;;;;;;;0;0;0;0;0;17.9024159288714;16.7402102596894;18.8502122715505;17.6344229100034;16.6514049549573
Serbia;SRB;Personal remittances, received (% of GDP);;;;0;0;8.71929383683169;6.7928810515738;10.2957999355548;9.84576472373786;8.04125081347818;8.18867770898858;8.31668056094065;7.85350410138911;8.49919249668721;7.87702647920945;8.12517966730429;8.77872961383112;8.22670713776929;7.25033082133349;7.28630959087483;8.97400740940979
Sub-Saharan Africa (excluding high income);SSA;Personal remittances, received (% of GDP);1.18245867951415;1.08920984115506;1.24100759096003;2.50694861763797;2.45526915111124;2.34348349047209;2.2660067154685;2.34329407054712;2.19229535290206;2.27815197653645;2.20750871123702;2.09211737576243;2.11532515162069;2.50427663362523;2.39684769148863;2.45693354267365;2.73346047696138;2.72514012579716;2.5296439054085;2.59302181696262;2.61632132541873
South Sudan;SSD;Personal remittances, received (% of GDP);;;;;;;0;0;0;0;0;0;0.0142213144985937;9.49107276206113;;;;;;;
Sub-Saharan Africa;SSF;Personal remittances, received (% of GDP);1.18072540772926;1.08855397581945;1.2403290909946;2.50540297206589;2.45387000055393;2.34162030991139;2.26449074509198;2.34297911478505;2.19200802561896;2.27822147799021;2.20712989408805;2.09129064547175;2.11456466327986;2.50330221532925;2.39602433972649;2.45599436633051;2.73228570271495;2.72397042663935;2.52846878956944;2.59177405609775;2.61477660256594
Small states;SST;Personal remittances, received (% of GDP);;;;1.99168013480656;1.85845909840683;1.76426228098292;1.72286144780446;1.82552553521343;1.77583191989483;1.70657526894078;1.67327527309069;1.50801965258528;1.55748752327475;1.72941600812326;1.78327015598089;1.8442278010645;1.73392077084453;1.84719170709124;2.34270120403577;2.35332729408201;1.9709388374469
Sao Tome and Principe;STP;Personal remittances, received (% of GDP);0.936151823077734;1.78424485952369;0.960008792286549;1.09929843777982;1.12064355357449;1.34095964898456;1.59556505244825;0.99667079546691;3.34870935753936;3.0387204738688;2.77231216548921;9.94852796036063;9.15254067284932;7.68470166250658;6.17408867598701;5.64966039806413;4.63261082748776;2.69130110159586;1.82933358998671;2.01972580850486;1.86920399541314
Suriname;SUR;Personal remittances, received (% of GDP);1.38079306171446;1.84430848275993;0.61316933718826;0.217462774035517;0.0799579517069109;0.095347971715668;0.0622705712518045;0.118697123519459;0.0984348628366547;0.0880493207643258;0.161797003012048;0.13591182980513;0.168564637405158;0.130808596217732;0.0450212160147506;2.72610217041801;2.46931546272122;2.39483099124346;4.25950717003709;4.79055068602622;4.09198309246228
Slovak Republic;SVK;Personal remittances, received (% of GDP);0.0690942867940905;0.90648833338747;1.22355540857079;1.92792374608154;1.89838182038603;1.91940350082272;2.03248110957051;1.87058392468563;1.7451084351192;1.75524829855971;2.03669141097911;2.09398378392399;2.36170450147461;2.40530582143283;2.35661022654969;2.26276403272037;2.0827609044498;2.40719468755422;2.30825357562181;2.0483388946339;2.00603221932678
Slovenia;SVN;Personal remittances, received (% of GDP);0.905495928316803;0.778478924392472;0.758104412851671;0.721143303552368;0.707669655865647;0.666163392315892;0.681687198169478;0.343020830310158;0.341158518858967;0.407782634048204;0.534775658555404;0.648721011367453;0.74669899782014;0.926767728888292;1.0096244454291;1.03315244607128;1.19023187793704;1.21879712495392;1.37353214742915;1.33671861630335;1.29694136751627
Sweden;SWE;Personal remittances, received (% of GDP);0.191912351622263;0.406000983363183;0.414370878186033;0.461861934920785;0.530636950514322;0.652506508279592;0.791084126635163;0.908961693569925;0.819055080168561;0.763758725129823;0.777125668278615;0.783177000865508;0.783733671959663;0.695834347897996;0.575039786472777;0.563161052711945;0.556612066431604;0.600284289893135;0.569096993733664;0.487174167434733;0.555912651372276
Eswatini;SWZ;Personal remittances, received (% of GDP);3.08129203917595;2.96802607622651;2.98899299287834;3.00246985599505;2.90627399966186;2.74176219962273;2.72116186191395;2.61023992777761;1.23210674110077;1.31743078639625;1.81202797375164;1.63392164294344;2.16651039959268;2.35701727350703;2.57915484726787;3.27995464317108;2.69441082083918;2.6577782904652;2.82492953376828;2.72464469182161;2.64004722981408
Sint Maarten (Dutch part);SXM;Personal remittances, received (% of GDP);;;;;;;;;;5.77763189305323;5.6462854876183;7.09229929000546;4.56506622360257;3.88728099478184;4.26760387054645;4.06853177234868;4.04693143962508;3.45172053950557;3.12887143091329;3.43529953391401;3.14997862611258
Seychelles;SYC;Personal remittances, received (% of GDP);0.266786419926875;0.646617738401431;0.762398321300641;1.23745767039873;1.22702546052916;0.442586505056857;0.32276706132354;1.89450813535428;1.76969471866896;2.38488843793074;1.62119306190688;0.971709615275068;1.08649545316531;1.32412394763961;1.51389435426419;1.41597748351746;1.43028810125994;1.43750257776349;0.843224117938913;0.739281787046299;0.632083986176128
Syrian Arab Republic;SYR;Personal remittances, received (% of GDP);0.14907493121132;0.92900472274692;0.757553333317547;0.613246280298293;0.516905370932875;0.572372285746271;0.607553787570566;0.601117663510804;0.642543243478519;;;;;;;;;;;;
Turks and Caicos Islands;TCA;Personal remittances, received (% of GDP);;;;0;0;0;0;0;0;0;0;0;0.852009939719643;0.642521256382222;0.723229748211055;0.754827972397334;0.672122517692588;0;0;0;0
Chad;TCD;Personal remittances, received (% of GDP);;;;0;0;0;0;0;0;0;0;0;0;0;0;0;0;0;0;0;0
East Asia & Pacific (IDA & IBRD countries);TEA;Personal remittances, received (% of GDP);0.855313463634242;0.91650926998158;0.949864756026064;0.9283984650836;0.880962033397812;0.840264936271524;0.764998042803654;0.739263658985211;0.719957188607891;0.654597241553972;0.615251770988611;0.6182557470322;0.696789210357036;0.694662104042678;0.647254205964;0.628103334891487;0.567752983509173;0.540054744747774;0.520541054120412;0.469880945187445;0.504408321763604
Europe & Central Asia (IDA & IBRD countries);TEC;Personal remittances, received (% of GDP);1.19074319617787;1.09034307490265;1.21757539511083;1.35827947032628;1.3811531760214;1.51086213467919;1.4715149865133;1.56645075304779;1.33294255374218;1.24750496925044;1.22362491970055;1.35960564737792;1.41706278279435;1.5916270435182;1.71328334680053;1.80315301888848;1.92305799253804;1.98328785002188;1.98017620263072;1.92667550796216;1.86028580554639
Togo;TGO;Personal remittances, received (% of GDP);6.04750510642144;7.02734524108317;7.92113567089259;8.44087146872715;9.88163558334517;7.57521621566031;7.39102501234152;7.1127086196545;7.09857631302237;4.50819213697193;6.36811583568694;6.6006287364145;6.69232431286361;6.31994557449691;6.04771440269533;6.31882473746726;6.413439558884;7.2642347331468;8.68798915490316;6.59278784250877;6.6733178255666
Thailand;THA;Personal remittances, received (% of GDP);1.02753993777109;1.05551871248278;0.938066184455039;0.626996608307589;0.601267246331115;0.621751616741776;0.651517114747723;1.35174167814254;1.29964762665379;1.41730161893501;1.42288274079939;1.56657940260133;1.60164242752634;1.46890617750532;1.51682060620959;1.47255762472915;1.47331423952061;1.50046181658386;1.64988358579867;1.7930016249613;1.79982983912014
Tajikistan;TJK;Personal remittances, received (% of GDP);6.43374083007085;9.38871404807131;12.1377967353477;24.4070314276682;34.4803742731662;40.696010793894;44.1265382636326;31.4438338810349;35.8104337853117;41.7379556645662;42.2158424254465;43.7683605527615;37.1359758957007;27.3065563324634;26.7060571395202;29.6849709990122;28.1177134737842;27.9717709157272;26.8848934488998;32.6893794785097;50.9481891889031
Turkmenistan;TKM;Personal remittances, received (% of GDP);;;;;;;;;;;;;;;;;;;;;
Latin America & the Caribbean (IDA & IBRD countries);TLA;Personal remittances, received (% of GDP);1.43400144205419;1.84955226889586;1.87832238541023;1.78290465628777;1.79181844886956;1.62300799873435;1.41397981202004;1.32780502399011;1.09232969245929;1.01591922195964;1.00996366759922;1.00652568478827;1.03454096202471;1.39535248472717;1.53177875204619;1.52489256282405;1.71207518894434;1.88388368057382;2.38994208062335;2.61116958297303;2.54718299224529
Timor-Leste;TLS;Personal remittances, received (% of GDP);;;;0;0.802640648057872;1.92427531344144;2.72241156837984;15.5925106412364;15.5498924462934;13.1310751549157;10.3278007315465;2.41091109266752;3.01753595629315;3.86070104715688;4.85141113988792;5.44638071793391;6.15014457868984;4.96080162664075;5.89873246877305;4.84508528760877;5.80359809888332
Middle East & North Africa (IDA & IBRD countries);TMN;Personal remittances, received (% of GDP);3.02797774912475;3.60422647385998;3.49642402663591;3.70433614171139;3.42752798931531;;;;;;;;;4.87775861614651;;;5.44448336188273;5.31142678247851;5.85485562861555;5.88491288955943;4.53198542826504
Tonga;TON;Personal remittances, received (% of GDP);34.0341202990835;28.9664744319715;28.373888690945;26.3409601062844;26.6923830355189;27.4023397124039;30.0439805755266;26.2251621152561;20.1808759078036;20.34512116494;19.3855306649478;27.2228420983124;27.119152329698;29.5828851394883;25.5234054177313;33.061189928863;29.1706956143216;34.7096536757097;38.2590982117533;46.9493892267827;
South Asia (IDA & IBRD);TSA;Personal remittances, received (% of GDP);3.49087212066134;3.76336980437753;3.06513121379825;3.15219650384042;3.48221049218579;3.51763470791336;4.59784352189388;4.39978758241173;3.9379320484222;4.20214925161675;4.63866011750189;4.6379504056775;4.42932044411788;4.30280377419734;3.6759030758838;3.41628904953427;3.72784074292884;3.82237531486771;4.21542133403624;3.86523570289763;4.02521745767883
Sub-Saharan Africa (IDA & IBRD countries);TSS;Personal remittances, received (% of GDP);1.18072540772926;1.08855397581945;1.2403290909946;2.50540297206589;2.45387000055393;2.34162030991139;2.26449074509198;2.34297911478505;2.19200802561896;2.27822147799021;2.20712989408805;2.09129064547175;2.11456466327986;2.50330221532925;2.39602433972649;2.45599436633051;2.73228570271495;2.72397042663935;2.52846878956944;2.59177405609775;2.61477660256594
Trinidad and Tobago;TTO;Personal remittances, received (% of GDP);0.878081666370581;0.767770630471132;0.654353913566647;0.578140201297935;0.496478889665135;0.505507442361403;0.339054962370327;0.570097319287738;0.410236536229011;0.636337314850685;0.507727021125959;0.505502092728317;0.487644318264408;0.574270453264458;0.612147903955618;0.561942266640702;0.564564588712216;0.605717521733164;0.934456179338606;0.955212237364668;0.680003845242972
Tunisia;TUN;Personal remittances, received (% of GDP);4.62505818398393;4.55401146418396;4.59003431419085;4.31539618298049;4.39262875850705;4.40894710281038;4.40701942168733;4.52066560776589;4.4654169829179;4.16533721221503;4.78893888412121;4.70471677441917;4.66786649981487;4.3062419406206;4.10560044761406;4.48331805727787;3.97991381106579;4.26981563524277;5.36119481119025;6.35550151128194;6.06119901050428
Turkiye;TUR;Personal remittances, received (% of GDP);0.805830376334883;0.231726084072861;0.196641716460777;0.270187682143217;0.329039391548568;0.307637606593518;0.316568595637429;0.282462675795804;0.234115396990831;0.224491299875581;0.21361506191608;0.198475855770622;0.185209915874982;0.1602427247169;0.136371547043394;0.122003962651272;0.144806194674736;0.111431455112661;0.112447134514183;0.0883071939882103;0.0765059966255825
Tuvalu;TUV;Personal remittances, received (% of GDP);38.8438128747358;26.0970051791546;21.3240308362723;21.5278237866444;15.2030922070043;19.7002809111539;18.7092436434615;17.1924194703595;12.2094712377039;11.6915174921906;9.74924758972299;9.50824348084383;8.36832956023409;7.1559533877284;6.11797236429632;6.05655386220747;5.56078413700144;4.44369895716683;4.2532939646297;4.90015089174488;4.18355803546934
Tanzania;TZA;Personal remittances, received (% of GDP);0.0848985841254461;0.0584882974714924;0.0827302991711981;0.105278043508675;0.0826036026538426;0.116472451758856;0.131744608110375;0.135463661736654;1.07546529301513;1.1817575399217;0.983947056198732;0.836671074056769;0.77917837157965;0.817837412905959;0.80871167213341;0.755768361208259;0.724356462206763;0.710344138914676;0.493668773904518;0.790350505202583;0.921495170882751
Uganda;UGA;Personal remittances, received (% of GDP);7.15101582229103;4.52233112806554;3.9112406570327;3.48306925852649;4.11920738293375;3.79390404551528;5.010393033851;3.10849794382896;2.88972509986159;2.9285299123868;3.34456530850098;3.25311704295492;2.72169905951299;2.7855387117841;3.92429417509553;3.7917038905646;4.06369509425149;4.02993779682556;2.8238009624283;2.85165563204936;2.74402016185049
Ukraine;UKR;Personal remittances, received (% of GDP);2.71179261802868;2.92826299291522;2.78636671290806;2.69837586661565;2.77249574349844;3.55668840350097;3.60532981523366;4.88761394320421;4.62788640442269;4.61927764801976;4.62726263528925;5.07457234295051;5.50845447210468;9.30892003656947;10.1461215673731;10.8233966749932;11.2261271501125;10.2597396240268;9.71346014003703;9.04058383088579;10.4565194883557
Upper middle income;UMC;Personal remittances, received (% of GDP);0.889987827260231;1.00815890179644;1.03715729500592;0.98513265807334;0.959413634883904;0.911712077234117;0.811643467808831;0.777063799530628;0.67621719387841;0.610991504857265;0.580531935977787;0.56854429087827;0.629969294593451;0.682756132210682;0.669820543244518;0.668931225773204;0.661633627625655;0.66156038827992;0.692310455302738;0.697360233071739;0.724351163057351
Uruguay;URY;Personal remittances, received (% of GDP);0.264968642487607;0.512661024648079;0.510700586359985;0.44198018204895;0.450497566369658;0.405399277911785;0.346765354298287;0.30901312831289;0.297711381718448;0.255919432671405;0.168907169778097;0.161154729026498;0.15908431079509;0.156495396899523;0.157345011370342;0.168263659691892;0.174773513344165;0.180941607113594;0.20705010843036;0.20473664103464;0.175183647962205
United States;USA;Personal remittances, received (% of GDP);0.0418149214745672;0.0407805493475197;0.0387486710186017;0.0367737307255354;0.0366832044058299;0.0360571934808977;0.0363172078724272;0.0396461821808818;0.0394047047028826;0.0391288870669506;0.0387782131703568;0.0392621564568635;0.0370526950267928;0.0361309046802651;0.0338591199244413;0.0325865910055647;0.0338040258424814;0.0329685602788545;0.0324161750844288;0.0306711357123443;0.0292102501208741
Uzbekistan;UZB;Personal remittances, received (% of GDP);;;;7.17193652621924;8.180185407437;7.64888686011818;12.2843587985737;6.46524882083396;6.90310933925255;8.15471745166513;9.0168993599716;8.8023114698408;8.42882528266801;5.61878143632334;6.72762541867096;11.4851801230454;14.3930359676895;14.1766042912336;11.7621601334925;13.3286827749933;20.8176033294831
St. Vincent and the Grenadines;VCT;Personal remittances, received (% of GDP);4.18836559039194;4.06605558463183;3.90043243538137;6.78088790950996;6.25848887627142;5.79609617907738;5.7693796152069;5.73232449733299;5.83424780316508;6.0114254982473;5.89469045137798;5.70156146729894;5.64615892746814;5.31302901273169;5.51355988353207;5.41321129605578;5.24004668226651;8.71114330751547;7.24949914015164;8.03210247009133;9.34383516669929
Venezuela, RB;VEN;Personal remittances, received (% of GDP);0.0204535108004192;0.248742449712348;0.127166046362776;0.101708783394637;0.0899292720383389;0.065548432809308;0.0433608263059885;0.0400257585249293;0.0363689675955094;0.0436043493161516;0.0309478780734656;0.0323445444562109;0.0265362345081267;;;;;;;;
British Virgin Islands;VGB;Personal remittances, received (% of GDP);;;;;;;;;;;;;;;;;;;;;
Virgin Islands (U.S.);VIR;Personal remittances, received (% of GDP);;;;;;;;;;;;;;;;;;;;;
Viet Nam;VNM;Personal remittances, received (% of GDP);5.04789720062267;5.30939712398707;5.08498588717851;5.46559440318446;5.7253347651816;7.98300827980163;6.86369325892131;5.67657343303365;5.14194271391537;4.82400859084171;4.04518291124934;4.41207825102011;4.19530449519011;3.36485543217987;3.32797565973604;3.34298428192977;3.28640694383908;3.25548904943051;3.0911959715008;3.47467453145783;3.22894402800741
Vanuatu;VUT;Personal remittances, received (% of GDP);1.5602349499982;1.27050445933217;1.3507012316284;1.29065774861419;1.13568433422872;1.07344288245763;1.50768571790169;1.93918510177723;1.75464256611849;2.82617478189998;2.94669266653432;3.12672969335591;5.38416617256496;5.42558668600094;6.25497105049092;9.76875944973615;12.5899495507636;16.2406189607496;13.9736265220997;20.5663746175884;18.7371011593161
World;WLD;Personal remittances, received (% of GDP);0.451069702816463;0.494541305156874;0.503232142114915;0.54025070737018;0.577167168845579;0.612575519070849;0.647489710467207;0.65443533919577;0.641989972065419;0.649475951707321;0.666534956261114;0.688768824290016;0.716131820162344;0.749652787038643;0.723788793812445;0.740057662721949;0.748774023309931;0.7673687934723;0.788959546140576;0.779994363721826;0.796443702408249
Samoa;WSM;Personal remittances, received (% of GDP);15.9693312634393;13.4962404163296;0.220180437568609;17.1145729093442;17.4198031034425;16.8511667588686;16.9967839153786;19.0267796814341;20.3605367271693;21.4466151553671;22.9835277179654;20.6313051807731;17.635855089656;15.9140548421845;15.4952028697843;15.3390745749237;16.7986529554725;17.0014488402497;23.4964791209311;29.4390300067107;33.6116624207203
Kosovo;XKX;Personal remittances, received (% of GDP);;;;;;;20.1962198799699;21.0553081466174;18.837716108383;15.6644149408814;15.3421905227415;15.7140986505609;15.5341339888171;15.429475465851;14.7515496644564;15.4869070326511;15.6842952830077;15.8105344484007;18.6090532630798;18.0095991992812;17.1407494072433
Yemen, Rep.;YEM;Personal remittances, received (% of GDP);12.1008875366279;10.7823944151896;9.2488665668748;7.66574357129597;6.72816636330819;6.10386942458968;5.24145352381548;4.61594571372614;4.93743283602093;4.28986760853835;9.46574563057419;8.2703963723937;7.75065844763373;7.89383978394928;12.0397377750137;14.0472090603285;17.4514298847343;17.2270209594057;20.1886966796055;21.029402018642;17.2078716165178
South Africa;ZAF;Personal remittances, received (% of GDP);0.207737367096158;0.198356742543212;0.182996532323742;0.212408122435475;0.227714479492041;0.237888209522884;0.247901308841603;0.261422597614696;0.256268349621624;0.252820402352178;0.249662280256131;0.242127513628629;0.239613276998032;0.238024279262203;0.233457316957649;0.229090018643542;0.229245847513326;0.228613058348094;0.239699150932712;0.220569282273184;0.215375859383209
Zambia;ZMB;Personal remittances, received (% of GDP);;0.740533750328314;0.777996182235087;0.634551414348252;0.452148922045772;0.421855141774828;0.380746682103106;0.269200668811698;0.215426137308377;0.197262177740629;0.285706886938104;0.192530588228428;0.21480509866741;0.221382796923137;0.183527454334704;0.361929111908977;0.406535531513884;0.421556142689402;0.744671886839631;1.08483362677486;0.834891790676893
Zimbabwe;ZWE;Personal remittances, received (% of GDP);;;;0;0;0;0;12.4734402149278;11.736332200672;13.6114512162819;12.3493906163757;9.90136447910557;9.76619700636586;10.2518030481804;9.03238116705634;9.83733037473785;4.17993938666247;6.49045761005836;8.51727135478615;9.07125316591843;11.2730129428259